article_ref_nomad,article_desc,article_ref_cordon,article_prix_unitaire
40691,Rech poussoir soupa 470 monté,07EUGPPC0109,1.22
44952,Cache 703 gobelet noir,07EUGCOS0160,0.68
44954,Brise jet 703 noir,07EUGCOS0161,0.73
48119,Element chauffage PTC,Non Référencé CORDON,0
48733,Transformateur MS6622a 230V,07EUGPEM0048,23.22
49188,Amortisseur 703 égouttoir noir,07EUGPPC0288,0.05
92361,Tower - Drawer Big Complete,07AEQCOS0007,262.16
92367,Tower - Support Plate Base (compl),07AEQCOS0008,94.05
92371,Tower - Cover Glass,07AEQCOS0010,3.06
92515,Tower - Keys for dispenser,07AEQPPC0012,4.34
92521,Tower - Screw feet for table support,07AEQPPC0011,0.91
92762,Tower - Dispenser RFID Antenna-Set,07AEQPEM0005,220.14
93090,Tower CS - Cable  Dispenser - Monnayeur,07AEQPEM0012,35.3
96594,Clé bac à eau Momento,07EUGPPC0678,0.77
96761,Glissière chassis,07EVOPPC0001,21.84
96766,Câblage + capteur porte,07EVOCAB0005,2.57
96775,Carte d'alimentation,07EVOCEL0002,23.7
96777,Bouton ON/OFF,07EVOPEM0003,4.1
96779,Carte de commande,07EVOCEL0001,100.22
96780,Capteur barrière sortie de capsule,07EVOPEM0002,14.92
96781,Recepteur barrière sortie de capsule,07EVOPEM0004,13.98
96782,Cable général,07EVOCAB0001,49.03
96785,Bac à capsule complet,07EVOPPC0011,175.78
96786,Bac à capsule vierge,07EVOPPC0003,19.4
96789,Courroie plateau,07EVOPPC0005,8.25
96791,Moteur tiroir rouleau/plateau,07EVOPEM0005,22.53
96792,Poulie plateau,07EVOPPC0006,2.25
96795,Joint Torique rouleau,07EVOPPC0004,1.2
96798,Glissière Tiroir,07EVOPPC0002,4.23
96800,Capteur capsule tiroir,07EVOPEM0006,16.08
96804,Carte tiroirs,07EVOCEL0004,50.57
96805,Cablâge plateau,07EVOCAB0004,5.95
96810,Cablâge liaison plateau/structure,07EVOCAB0003,21.99
96828,Carte système de paiment,07EVOCEL0003,11.75
96834,Ecran Tacile,07EVOLCD0001,496.18
96836,Vis cache lecteur QR Code,07EVOPPC0009,0.82
96840,LED Sortie de capsule,07EVOPEM0001,1.72
96851,Tower Link,07EVOCAB0002,12.89
96867,Tapis plateau rotatif,07EVOPPC0008,6.11
96964,Serrure porte Dispenser,07EVOPPC0010,3.8
109385,Kit réseau d'eau Momento 120,07EUGPPC0711,21.72
114673,Kit réseau d'eau Momento 100,07EUGPPC0692,21.5
Avertissement,Avertissement cas de mauvaise utilisation au client,Non Référencé CORDON,0
0000100,Détartrage,Non Référencé CORDON,0
0000120,Détartrage partie Lait,Non Référencé CORDON,0
0000349,Thermostat 140C/ 6.0A Z420NN8E,07EUGPEM0097,1.06
0000375,Bloc de jonction EKL OEF PA,Non Référencé CORDON,0
0000394,Pieds caoutchouc SJ-5816 noirs,07EUGCOS0044,0.02
0001020,Corps valve 946 noir (964),07EUGPPC0389,0.06
0001053,Bride anti-traction câble,07EUGPPC0090,0.01
0001223,Fil torsadé EUR blanc 150mm,07EUGPEM0098,0.08
0001416,Ressort à press. 0.65/Da12.00/,07EUGPPC0390,0.02
0001517,Ecrou M4 6-pan zing,Non Référencé CORDON,0
0001520,Vis M4.0x 7 laiton nickelé,07EUGPPC0391,0.19
0001533,Ann ressort M4 zing,Non Référencé CORDON,0
0001555,O-Ring 006.75x1.78 EPDM,07EUGPPC0392,0.02
0001558,Joint 006.00x3.00 silicone,Non Référencé CORDON,0
0001565,Joint rond sortie Pompe,07EUGPPC0008,0.06
0003294,Fil torsadé EUR bleu 120mm,07EUGPEM0099,0.07
0003519,Fil torsadé EUR bleu 290mm,07EUGPEM0100,0.09
0005245,Rondelle ressort M5 zinguée,07EUGPPC0092,0.01
0005247,Rondelle ressort M3,07EUGPPC0136,0.01
0005454,Tuyau moulé silic 70 Shore neutre,07EUGPPC0138,0.28
0005466,Raccord pour pompe,Non Référencé CORDON,0
0005470,Clip inox,07EUGPPC0012,0.01
0006528,Anneau d=9.5x7.2x2.0mm pour,07EUGPPC0140,0.12
0006751,Ecrou M3 6-pan 0.8,Non Référencé CORDON,0
0007334,Bride pour thermostat 885 38x50 mm,07EUGPEM0101,0.52
0007450,Tige de fixation 885 noire,07EUGPPC0395,0.03
0007731,Clip ressort FM 11753 PHO,07EUGPPC0396,0.03
0007920,Fil torsadé EUR bleu 170mm,Non Référencé CORDON,0
0008236,Rondelle frein D=3.2 inox,07EUGPPC0397,0.05
0008239,Rondelle Frein D=3 P-6490,07EUGPPC0141,0.02
0008242,Rondelle U 04.3x12.0x1.5,07EUGPPC0398,0.01
0008244,Fil torsadé EUR bleu 210mm,07EUGPEM0102,0.08
0008308,Supp. pompe Ulka,07EUGPPC0400,0.19
0008328,Vis GF/Tapt M4x14 zing,07EUGPPC0401,0.09
0008899,Fil torsadé EUR blanc 140mm,07EUGPEM0103,0.07
0008958,Fil tors. EU bleu,07EUGPPC0203,0.16
0009040,Interrupteur,07EUGPEM0104,0.56
0009328,Joint rond 3.4x1.9 EPDM,07EUGPPC0043,0.02
0010683,Tuyau FEP D4.0/2.03x130mm 2 bride,07EUGPPC0145,0.43
0010684,Tuyau FED D4.0/2.03x200mm 2 brides,07EUGPPC0146,0.42
0011016,Ejecteur 758 noir,07EUGPPC0522,0.81
0011021,Etrier montage 758 (OCS),07EUGPPC0403,2.56
0011025,Vis sans tête 758,07EUGPPC0404,0.45
0011028,Axe 758 pour fermeture,07EUGPPC0405,0.27
0011080,Pièce d'entraînement 758,07EUGPPC0406,0.27
0011081,Axe de palier 758 (OCS),07EUGPPC0407,0.49
0011762,Pompe Gémini 230V,07EUGPEM0037,9.47
0011964,Filtre à eau 863 natural,07EUGPPC0408,0.14
0012002,O-ring 8x2.62 silicone,07EUGPPC0148,0.08
0012008,Fil torsadé EUR brun 290mm,07EUGPEM0105,0.09
0012026,Couvercle 758 réserv eau noir,07EUGCOS0240,0.76
0012028,Cache 758 noire,07EUGCOS0241,0.26
0012034,Elem. tôle 758 gauche,07EUGCOS0242,11.94
0012035,Poignée réservoir 758,07EUGCOS0243,0.14
0012036,Grille d'égouttoir 758 droite,07EUGCOS0244,0.85
0012037,Egouttoir 758 Inox gauche,07EUGCOS0245,0.85
0012038,Egouttoir 758 Inox milieu,07EUGCOS0246,0.86
0012040,Recouv. 758 noir,07EUGCOS0270,0.15
0012045,Supp. élect. chauf. 758 noir,07EUGPPC0409,2.73
0012048,Tube vapeur 758,07EUGCOS0279,2.61
0012050,Poignée acc. cappucc. 758,07EUGCOS0247,0.37
0012061,Elem. isolant 758 noir plat. chauf.,07EUGPPC0411,0.24
0012062,Cache 758 soupa noir,07EUGPPC0412,0.09
0012064,Racc. fluide 758 tube vap.,07EUGPPC0518,3.76
0012066,Support débimètre 758 noir,Non Référencé CORDON,0
0012073,Cache 758 noir,07EUGCOS0272,0.05
0012075,Support pour détecteur 758 transparent,07EUGPPC0413,0.14
0012077,Recouv. prise courant 758,07EUGPPC0479,0.2
0012078,Réflecteur 758 blanc,07EUGPPC0414,0.26
0012084,C-Clip 2.9 zing,Non Référencé CORDON,0
0012085,Prise à froid. noire,07EUGPEM0106,0.78
0012087,Supp. LED 758 scellé 2xAWG24,Non Référencé CORDON,0
0012089,Ecrou hexagonal M10x1.5,07EUGPPC0415,0.06
0012090,Rondelle crantée M10 5x18mm,07EUGPPC0416,0.03
0012092,Cordon éléctrique noir 758,07EUGPEM0107,2.08
0012093,Vis M4.0x 8 inoxydable,07EUGPPC0417,0.1
0012094,Tuyau FEP 4.0x2.0x077mm,07EUGPPC0418,0.36
0012120,Tuyau silicone 05.0x2.00x430,07EUGPPC0419,0.36
0012139,Ressort traction D=0.8x5.2x,Non Référencé CORDON,0
0012216,Tuyau FEP 4.0x2.0x280mm,07EUGPPC0420,0.64
0012301,Connex. 758 alu,07EUGPPC0421,1.09
0012336,Détecteur Thermobloc,07EUGPEM0033,1.22
0012440,Tuyau silicone 08.0x1.75x260,Non Référencé CORDON,0
0012514,Cache 758 circ. imp. noir,07EUGPPC0422,0.09
0012605,Soupape purge Ulka bouchon encliqué,07EUGPPC0423,1.03
0012864,Equip. Mousse 758 OCS cpl,07EUGCOS0283,8.02
0012919,Multiple fil torsadé 758 EU jaune,07EUGPEM0108,0.29
0012927,Fil torsadé EUR bleu 80mm,07EUGPEM0109,0.06
0012931,Elé. chauf. PTC 758 cpl,07EUGPEM0110,3.74
0012941,Disque tuyau press inox,07EUGPPC0424,0.05
0012996,Kit rempl. bac capsule 758 cpl,07EUGCOS0249,1.41
0012997,Rech. cache 758 base noir,07EUGCOS0250,1
0012998,Socle de rechange 758 noir,07EUGCOS0251,6.06
0012999,Soupa sortie 758 cpl,07EUGPPC0425,0.88
0013002,Kit rempl. unité de brassage 758 sup,07EUGPPC0426,1.47
0013008,Rech réserv eau 758 cpl monté,07EUGPPC0427,2.59
0013168,Joint 758 D=8.1/5.7x3.4mm,07EUGPPC0428,0.36
0013169,Joint 008.00x1.50 EPDM,07EUGPPC0429,0.07
0013254,Vis 3x10 noir,Non Référencé CORDON,0
0013589,Tuyau silicone 05.0x2.00x280,Non Référencé CORDON,0
0013920,Tuyau silicone 742,07EUGPPC0430,0.14
0014384,Fil torsadé EUR bleu 80mm,Non Référencé CORDON,0
0014387,Tuyau soie d/verre d=6mml=110,Non Référencé CORDON,0
0014549,Rech. détecteur sachet 758,Non Référencé CORDON,0
0014550,Rech tube vap 758 cpl sac plastic,07EUGCOS0282,6.54
0014840,Disque 968 noir,07EUGPPC0431,0.06
0015121,Tuyau silicone 05.0x2.00x370,07EUGPPC0432,0.35
0015164,Loctite 241,07EUGOUT0009,79.83
0015188,Support pompe élec. chauf. vers 968,07EUGPPC0433,0.67
0015448,Capteur temp. av. fils tors.,Non Référencé CORDON,0
0015547,Raccord droit legris,07EUGPPC0434,3
0015890,Pieds caoutchouc 15.9x4.75 mm,07EUGPPC0435,0.1
0016052,Vis KST/PT 3x12 zing,07EUGPPC0017,0.01
0016157,Fil torsadé EUR brun 200mm,07EUGPEM0112,0.07
0016966,Soupa vap 773/775 cpl,07EUGPPC0436,1.12
0017369,Ressort à cran d'arrêt 968,07EUGPPC0437,0.16
0017583,Poussoir soupa 758 mont.,07EUGPPC0438,0.61
0018068,Doigt d'entraînement 758 noir,07EUGPPC0439,0.08
0018069,Bouton sélecteur vapeur 758/98,07EUGCOS0288,0.11
0018070,Anneau de recouv. noir,07EUGCOS0252,0.43
0018121,Vis autoformeuse/Tapt.M4.0x40,07EUGPPC0440,0.04
0018352,Tuyau Silicone 5*2*280,07EUGPPC0441,0.22
0018667,Support 758 filtre eau,07EUGPPC0443,1.03
0018742,Rivet creux A2.4x0.25x15.0,07EUGPPC0444,0.03
0018794,Vis GF/Tapt M3x6 zing,07EUGPPC0445,0.01
0018904,Vis PT p/plastique 3.0x16,07EUGPPC0097,0.02
0019109,Elem. tôle 758 droite,07EUGCOS0276,12.13
0019110,Bac Collect 758 noir,07EUGCOS0271,1.73
0019111,Couvercle à déclic 758 noir,07EUGCOS0270,0.15
0019192,Electronique print,Non Référencé CORDON,0
0019193,Film adhés. 758 noir,07EUGCOS0253,2.79
0019194,Feuille de clavier de commande,07EUGCOS0281,2.11
0019195,Circ. imp. comm. 758 cpl,Non Référencé CORDON,0
0019196,Cordon débimètre 758,07EUGPPC0446,1.93
0019243,Vis autoformeuse/Tapt.M4.0x12,07EUGPPC0340,0.02
0019244,Vis KST/PT M3.0x20,07EUGPPC0447,0.08
0019503,vis torx 10,07EUGPPC0341,0.03
0019504,Vis PT p/plastique 3.0x20,07EUGPPC0448,0.01
0019711,CCT fil torsadé 758 EU 192C,07EUGPEM0140,0.81
0019770,Vis GF/Tapt.M4 x8 zing,07EUGPPC0153,0.04
0019808,Interrupteur miniature Cherry,Non Référencé CORDON,0
0019901,Tuyau FEP 4.0x2.5x120mm,07EUGPPC0449,3.76
0020151,Vis Rondelle 4.3x12.0x1.5,Non Référencé CORDON,0
0020355,Rech. élé chauf. 758,07EUGPEM0114,23.74
0020740,Vis GF/Tapt.M3.0x 8,07EUGPPC0155,0.02
0020901,Levier Bouton,07EUGCOS0254,0.68
0020979,Vis KST/PT 3.0x10 zing tête rd,Non Référencé CORDON,0
0021542,Clip CCT TB2001 0.5x10x21 mm,07EUGPPC0099,0.02
0021740,Vis GF/Tapt.M3x16 zing,Non Référencé CORDON,0
0022504,Vis KST/PT 3.5x16 zing,07EUGPPC0450,0.03
0023217,Pieds caoutchouc SJ-6115 noirs,Non Référencé CORDON,0
0023348,Plaque pyramidale,Non Référencé CORDON,0
0023709,Joint rond 6.75x1.78 silicone,07EUGPPC0451,0.05
0023968,Clip CCT plat. élé. chauf.,07EUGPPC0453,0.01
0024374,Joint rond 3.4x1.9 silicone,07EUGPPC0055,0.03
0024394,Poignée boule 748,07EUGCOS0255,0.18
0024863,Vis séc. KST/PT 3.0x12,07EUGPPC0018,0.02
0025039,Douille distribu,07EUGPPC0313,0.1
0025156,Thermostat 115C/10.0A,07EUGPPC0003,0.59
0025297,Circ. imp. contact Reed 747,07EUGPEM0132,2.63
0025361,Clé douille 758,07EUGOUT0010,1.21
0025427,Couvercle 748 réserv eau noir,Non Référencé CORDON,0
0025783,Joint 758 2x0.5mm noir,07EUGPPC0257,0.53
0026089,Joint couplage bac à eau,07EUGPPC0163,0.14
0026161,Bride pour thermostat 1 NT,Non Référencé CORDON,0
0026289,Tole d'égouttoir 747 inox,07EUGCOS0256,1.35
0026300,Base 747 black,Non Référencé CORDON,0
0026305,Réserv eau 747 cpl,07EUGCOS0259,3.21
0026307,Interrupteur 747,07EUGPEM0115,0.55
0026357,Bouton basc. noir,07EUGPEM0116,0.17
0026521,Attache caoutchouc pompe Ulka,07EUGPPC0458,0.19
0026524,Axe 758 pour éjecteur modif.,07EUGPPC0459,0.01
0026552,CCT fil torsadé 747 EU 216C,07EUGPEM0136,0.93
0026554,Fil tors. EU jaune-vert 100mm 0.75,07EUGPEM0117,0.1
0026555,Fil torsadé blanc 747,07EUGPEM0118,0.21
0026556,Fil torsadé Eu blanc 747,07EUGPEM0119,0.1
0026557,Fil torsadé EUR bleu 240mm,07EUGPEM0120,0.09
0026558,Fil torsadé EU blanc 420mm,07EUGPEM0121,0.2
0026559,Tuyau silicone 5x2x140,07EUGPPC0164,0.16
0026560,Tuyau silicone 747,07EUGPPC0460,0.22
0026561,Tuyau FEP 4x2.5x300 mm,07EUGPPC0461,0.77
0026563,Tuyau FEP D4,07EUGPPC0462,3.69
0026661,Ejecteur 758/747 noir,07EUGPPC0463,0.43
0026662,Plateau suppport inf. 758/747,07EUGPPC0464,0.54
0026787,Vis M4x10 zing bltête cyl,Non Référencé CORDON,0
0026909,Ressort traction 0.7x5.2x41.4 mm,07EUGPPC0465,0.21
0026928,Tete extract. part inf 758/747 modif,07EUGPPC0467,4.05
0026934,Partie sup. tête-percolatrice,07EUGPPC0468,2.8
0027113,Clip thermostat 1NT/01,07EUGPPC0004,0.05
0027120,Bouchon noir silicone 748,07EUGPPC0469,0.25
0027136,Tuyau silic/renforcé di 4.2 da 8.0/160mm,07EUGPPC0166,0.3
0027295,Flotteur 748 jaune,07EUGPPC0470,0.04
0027326,Tuyau FED D4.0/2.03x120mm 2 brides,07EUGPPC0167,0.27
0027558,Thermobloc 747,Non Référencé CORDON,0
0027672,Capot 758/747 noir avec N-logo,07EUGCOS0273,0.62
0027732,New Transmission,Non Référencé CORDON,0
0027789,Profile lateral 747 gauche,07EUGCOS0275,5.78
0027795,Tuyau PFA D4,07EUGPPC0473,1.31
0027871,Embout fluide 608 1x noir D=5.6/4.8,07EUGPPC0169,0.07
0027994,O-Ring 006.00x3.00 silic/2-K 60 shore ro,07EUGPPC0474,0.04
0028008,Recouvrement poignée valve 747,07EUGPPC0475,0.55
0028054,Valve céramique rempl. 747,07EUGPPC0476,8.69
0028055,Valve céramique rempla. 747,07EUGPPC0477,6.08
0028056,Kit remp. unité de brassage 747,07EUGPPC0478,26.83
0028150,Cache 747 sup noir,07EUGCOS0260,1.5
0028151,Recouvrement logic-print 747 droite,07EUGCOS0261,0.32
0028152,Recouvrement logic-print 747 gauche,07EUGCOS0262,0.32
0028197,Recouv. prise courant 758 V2 noir,07EUGPPC0479,0.2
0028303,Poignée machoire 747 chrom.V2,07EUGCOS0263,4.83
0028499,Electronic LED 747,07EUGCPE0001,2.04
0029082,Capteur reed 640 reserv eau,07EUGPEM0167,1.19
0029325,Circ. imp comm 742 gauche,Non Référencé CORDON,0
0029329,Cable connex 742,07EUGPPC0482,4.17
0029371,Connecteur 751 Y 742,07NESOUT0024,0.43
0029526,Circ. imp Contact Redd 742,Non Référencé CORDON,0
0029767,Vase expansion 747 cpl,07EUGPPC0484,0.45
0029768,Vase expansion 742 cpl,07EUGPPC0485,0.43
0029816,Valve aimant support 742,07EUGPPC0503,0.33
0029877,Cordon débimètre 742,07EUGPEM0122,2.23
0029878,Profile lateral 742 gauche,07EUGCOS0277,5.78
0029922,Microrupt XCG55V-81-LZ187 levier,07EUGPEM0035,0.87
0029989,Tuyau silicone 742,07EUGPPC0170,0.22
0029991,Tuyau angilaire 742,07EUGPPC0486,0.42
0029993,Tuyau PFA 742,Non Référencé CORDON,0
0029996,Tuyau FEP 742,07EUGPPC0461,0.77
0035002,CCT fil torsadé 742 EU 216C,07EUGPEM0147,0.7
0035003,Multiple fil torsadé bleu 742,07EUGPEM0123,0.24
0035005,Fil torsadé EU violet 240 mm,07EUGPEM0124,0.1
0035006,Fil torsadé EU blanc 70 mm,07EUGPEM0125,0.05
0035013,Fil torsadé EU brun 300 mm,07EUGPEM0146,0.72
0035119,Fil torsadé EU noir 310 mm,07EUGPEM0126,0.16
0035257,Rech. soupa magn 742,07EUGPPC0488,15.66
0035258,Rech soup céram 742 cpl,07EUGPPC0489,7.11
0035259,Rech poussoir soupa 742 cpl,07EUGPPC0490,1.13
0035388,Tuyau PFA 742,07EUGPPC0492,0.77
0035389,Fil torsadé EU blanc 140 mm,07EUGPEM0127,0.12
0035390,Tuyau PFA 742,07EUGPPC0493,0.67
0035393,Tuyau silicone 742,Non Référencé CORDON,0
0035422,Cache 742 sup noir,07EUGCOS0264,1.29
0035699,Réflecteur 742,07EUGPPC0494,0.24
0035726,Sonde Température 737 cpl,07EUGPEM0142,2
0035945,tuyau silicon D09.0xd5.00x300mm,07EUGPPC0686,0.29
0036083,O-Ring 6.07*1.78 Silicone,07EUGPPC0495,0.23
0036084,O-Ring 7*2 Silicone,07EUGPPC0496,0.11
0036533,Adaptateur 758 noir V2,07EUGPPC0497,0.08
0036659,Embout fluide 608 3x noir,07EUGPPC0759,0.3
0036806,Tuyau Silicone 8*1.75*250,07EUGPPC0499,0.38
0037226,Equip. mousse 737 cpl,07EUGCOS0265,1.3
0037283,Attache Câble Fastex Driller,07EUGPPC0500,0.02
0037284,Attache Câble Fastex Driller,07EUGPPC0501,0.02
0037334,Thermobl 2001/L 230V/1200W embout soudé,07EUGPEM0154,9.13
0037384,Clip D=5mm bruni TB200x,07EUGPPC0011,0.03
0037513,Circ imp IR 742 V2 resist equilibr,Non Référencé CORDON,0
0037642,Base 747/2 Noir,07EUGCOS0287,1.25
0037757,Tuyau silic/renforcé di 4.2 da 8.0/120mm,07EUGPPC0176,0.23
0037789,Protect Antipli 120° noir,07EUGPPC0502,0.07
0038623,Vis M4 x 6 zing,Non Référencé CORDON,0
0038641,Attache cable Fastex Driller,Non Référencé CORDON,0
0038912,Fil torsadé mult 747 EU jaune,07EUGPEM0128,0.17
0040198,Sonde température 704 cpl (NTC),CS20 - Non Référencé CORDON,0
0040238,Soupa magn DEV122 240V 2 côtés racc,07EUGPPC0314,8.44
0040406,Tube Vap 742/747,07EUGCOS0280,2.85
0040443,Tube vapeur 742/747,07EUGCOS0283,8.02
0040606,Capuchon isolant IT 125°,07EUGPPC0025,0.02
0040814,Plaquette 704 CS20,CS20 - Non Référencé CORDON,0
0040855,Corps buse 737 tube vap V2 noir,07EUGPPC0505,0.14
0040863,Tuyau FEP D4.0/2.50x200mm,07EUGPPC0349,0.63
0041285,Thermobloc avec nouveau raccord,07EUGPPC0521,29.5
0041387,Racc fluide form T court anthrac 3xF,07EUGPPC0183,0.22
0041485,Electronic comm-print 747,07EUGPEM0141,11.84
0041719,Mode d'emploi 742,Non Référencé CORDON,0
0041821,Vis GF/Tapt.M4. 0x12 zing bl tête rd,Non Référencé CORDON,0
0041827,Ejecteur GEMINI,Non Référencé CORDON,0
0041846,Axe 702 unité extract noir,07EUGPPC0185,0.09
0041847,Bague appui,07EUGPPC0186,0.15
0041899,Etiqu emball 704 CS20,CS20 - Non Référencé CORDON,0
0041927,Joint 012.00 x 1.00,Non Référencé CORDON,0
0041936,Racc fluide court form I anthrac 2xF,07EUGPPC0187,0.18
0041946,Mode d'emploi 758,Non Référencé CORDON,0
0041947,Mode d'emploi 747,Non Référencé CORDON,0
0042171,Microrupt. D41R-QGAC,Non Référencé CORDON,0
0042374,Sortie bac à café,07EUGPPC0312,0.27
0042396,Tablette tasses 704 chrom,07EUGCOS0493,15.91
0042398,Egouttoir 704 Inox V2,CS20 - Non Référencé CORDON,0
0042400,Electro 704 marche/arrêt,CS20 - Non Référencé CORDON,0
0042401,Electro 704,CS20 - Non Référencé CORDON,0
0042402,Electro 704 réserv. eau,CS20 - Non Référencé CORDON,0
0042439,Bague de bac égouttoir 747,07EUGCOS0266,0.5
0042440,Bac collect 747 noir V2 grand,07EUGCOS0267,1.1
0042463,Tuyau silic/renforcé di 4.2 da 8.0/60mm,07EUGPPC0189,0.14
0042516,Lentille 704 topaze fumé,CS20 - Non Référencé CORDON,0
0042518,Couvercle 704 sortie arg laqué,CS20 - Non Référencé CORDON,0
0042519,Sortie 704 noir,CS20 - Non Référencé CORDON,0
0042568,Tuyau Silicone,07EUGPPC0519,0.17
0042572,Racc fluide form V 55° V2 noir 2xF,07EUGPPC0014,0.15
0042576,Interrupteur 1552-3112G,07EUGPEM0129,1.29
0042585,Tuyau silic/renforcé di 4.2 da 8.0/45mm,07EUGPPC0190,0.12
0042590,Levier commutat. noir,Non Référencé CORDON,0
0042601,Egouttoir 702 inox,07EUGPPC0192,1.79
0042602,Egouttoir 702 Inox gauch-droit,07EUGPPC0192,1.79
0042603,Conten marc 702 noir,07EUGPPC0193,2.39
0042605,Cache 702 sortie noir,07EUGCOS0124,0.47
0042611,Vis M6x25 zing,Non Référencé CORDON,0
0042651,CCT fil tors 704 184C brun 280/250,07EUGPEM0255,0.72
0042653,Fil tors bleu 140mm 0.75mm2,Non Référencé CORDON,0
0042654,Fil tors bleu 280mm 0.75mm2,Non Référencé CORDON,0
0042655,Fil tors bleu 300mm 0.75mm2,Non Référencé CORDON,0
0042656,CCT fil tors. bleu 170mm 0.75mm2,Non Référencé CORDON,0
0042657,Fil tors mult. 704 jaune vert 340/200,CS20 - Non Référencé CORDON,0
0042667,Trémie capss 702 gauch noir,07EUGCOS0125,2.51
0042733,Voyant lumineux 70 bouton press,07EUGPPC0760,0
0042743,Cable réseau nr H05VV-F3G1,Non Référencé CORDON,0
0042748,Bouton press 704 noir,CS20 - Non Référencé CORDON,0
0042749,Pied caoutchouc 12.6x6.5 mm,07EUGPPC0768,0.01
0042752,Fil tors brun 150mm 0.75mm2,Non Référencé CORDON,0
0042755,Supp soupa 704 ac zingué,CS20 - Non Référencé CORDON,0
0042835,Corp Buse 705 eau chaude chromé,07EUGPPC0555,1.51
0042895,Couvercle 702 réserv eau noir,07EUGCOS0126,2.68
0042964,CCT fil ors 702 EU 167C (1xE5) gris 70/3,07EUGPPC0207,1
0043021,Plaque 702 contact noir,Non Référencé CORDON (Obsolète),0
0043039,Sortie cappuc noir,07EUGPPC0217,0.64
0043358,Ress Compress con 0.6*D8.3/10,Non Référencé CORDON,0
0043361,DMC/1215/t 15A,Non Référencé CORDON,0
0043363,Bague étanch 704 10.2*5.2*4.8 silicone,CS20 - Non Référencé CORDON,0
0043391,Pompe CP.04.116.O/ST/S/P0230V 50hz,07EUGPEM0037,9.47
0043399,Trémie capss 702 droite noir,07EUGCOS0128,2.52
0043408,Vis KST/PT 2.2x18 inox tête rd,07EUGPPC0230,0.12
0043442,Fil tors mult.705 EU jaune,07EUGPPC0231,0.56
0043537,Plaque isolation 704 mica,CS20 - Non Référencé CORDON,0
0043538,O-Ring 0009.20x2.00 silic 70,Non Référencé CORDON,0
0043542,Tuyau silic/renforcé di 4.2 da 8.0/35mm,07EUGPPC0762,0.1
0043543,Tuyau silic/renforcé di 4.2,07EUGPPC0761,0.09
0043544,Tuyau silic renforcé di 4.2,07EUGPPC0771,0.18
0043545,Tuyau silic/renforcé di 4.2 da 8.0/90mm,07EUGPPC0232,0.19
0043546,Tuyau silic 4.0*1.75*260 60,Non Référencé CORDON,0
0043548,Tuyau silic 04.0x1.75x310 60,Non Référencé CORDON,0
0043549,Nervure 704 noir,CS20 - Non Référencé CORDON,0
0043630,Corp. Buse 704 cpl connect system A,07EUGPPC0233,0.6
0043631,Ressort 704 levier commutat,CS20 - Non Référencé CORDON,0
0043632,Rech bouton tourn 704 part. sup cpl,CS20 - Non Référencé CORDON,0
0043633,Rech bouton tourn 704 part. inf cpl,CS20 - Non Référencé CORDON,0
0043634,Rech pompe 704 cpl emballé,07EUGPEM0253,8.18
0043637,Conten lait 704 cache noir,CS20 - Non Référencé CORDON,0
0043639,Réservoir eau 704 cpl,07EUGCOS0482,1.51
0044026,Conten sachet 747/742 voir V2,07EUGCOS0268,0.96
0044030,Bac Collect 758 noir V2,07EUGCOS0271,1.73
0044254,Thermobloc 1080W,Non Référencé CORDON,0
0044269,Outil montage,07EUGOUT0008,55.96
0044356,Circ. imp. comm 742 gauch v2,07EUGPEM0130,12.55
0044357,Circ. imp. comm 742 droite v2,07EUGPEM0145,11.35
0044358,Circ imp IR 742 V3 kalibré,07EUGPEM0131,5.98
0044369,Circ. imp. comm 758 cpl v2,07EUGPEM0133,12.33
0044370,Circ.imp IR 758 cpl V2,07EUGPEM0134,5.61
0044413,Etiqu EAN code 704 CS20,CS20 - Non Référencé CORDON,0
0044533,Raccord Fluide form Y V3,Non Référencé CORDON,0
0044555,Electro 704 main board MOC 600V,CS20 - Non Référencé CORDON,0
0044579,Vis sécu GF/Tapt.M3x20,07EUGPPC0509,0.06
0044583,Tuyau PFA D4.0/2.50x95mm,07EUGPPC0510,0.56
0044666,Module affichage 702 2x20 symb lumière b,07EUGPEM0062,22.7
0044667,Circ.IR détecteur module 702,Non Référencé CORDON,0
0044669,LED 702 cpl,Non Référencé CORDON (Obsolète),0
0044670,Circ imp puissance 702 220-230V vap,07EUGPEM0038,9.48
0044680,Connect 702 7x cpl CP7,07EUGPPC0240,1.38
0044681,Connect 702 7x cpl CP8,07EUGPPC0241,1.38
0044686,cache 705 sortie chrom sortie eau chaude,07EUGCOS0130,2.04
0044688,Réservoir à eau complet,Non Référencé CORDON,0
0044701,Transformateur MS6122 230V,07EUGPEM0039,26.24
0044702,Soupa magn 220-240V 2-voie fermé,07EUGPEM0040,16.46
0044969,Tôle contact 680 bac collect V2,07EUGPPC0582,0.25
0045092,Moteur RS-545 SH,Non Référencé CORDON,0
0045194,Conten caps 703 noir,07EUGPPC0252,2.9
0045195,Support 703 unité extract,07EUGCOS0177,8.35
0045196,Base 703 noir,07EUGPPC0253,3.43
0045201,Paroi lat. 703 alu gauch/droit elox inc.,07EUGCOS0136,13.97
0045202,Paroi arr. 703 noir,07EUGCOS0180,3.43
0045325,Couvercle 748 réserv eau V2,07EUGCOS0274,0.32
0045570,Couvercle réservoir avec serrure,07EUGCOS0138,11.03
0045689,Vis M3x6 zing bl tête,07EUGPPC0258,0.02
0045707,Thermobloc 2003/L 230V/1200W V2,07EUGPEM0043,6.83
0045715,Thermobl 2003/N 230V/1080W V2 embout,07EUGPEM0056,5.23
0045727,Axe charnière 703 noir,07EUGPPC0259,0.19
0046407,Sortie 427 Autocap.noir,Non Référencé CORDON,0
0046409,Sortie 427 Jet breaker,Non Référencé CORDON,0
0046811,Robinet droit neutre racc 5mm,07EUGPPC0261,1.54
0046874,Pompe 702 230V/50Hz thermost monté,07EUGPEM0044,6.67
0047121,CCT fil tors 702 EU 192C,07EUGPPC0267,0.7
0047122,CCT Fil tors. 702 EU 167C,07EUGPPC0268,0.94
0047237,Pince ressort D=1.3mm tuyau V2 silic.,07EUGPPC0269,0.06
0047363,Tuyau silic/renforcé di 4.2 da 8.0/195 m,07EUGPPC0271,0.28
0047364,Tuyau silic/renforcé di 4.2 da 8.0/285 m,07EUGPPC0272,0.4
0047365,Tuyau silic/renforcé di 4.2 da 8.0/65mm,07EUGPPC0273,0.14
0047370,Bac collect 702 gauche cpl,07EUGCOS0139,4.11
0047371,Bac collect 702 droite cpl,07EUGCOS0140,3.99
0047760,Circ imp comm 703 flash logic,07EUGPEM0095,49.55
0047763,O-Ring 012.00x1.00 EPDM 70 shore noir,07EUGPPC0275,0.06
0047975,Kit Electro 742 / 1a,Non Référencé CORDON,0
0048199,moteur CS 2x0,07EUGPPC0279,4.57
0048201,Rech plaque de contact 702/705 cpl,07EUGPPC0280,0.56
0048202,Rech couvercle sécurité 702,07EUGPPC0281,3.91
0048203,Rech bac collecteur 702 cpl cappuc,07EUGCOS0143,7.89
0048204,Rech bac collecteur 705 cpl,07EUGCOS0144,4.27
0048341,Rech circ imp comm 705EU logic Vflash,07EUGPEM0045,37.7
0048343,Rech circ imp comm 702 EU logic. Vflash,07EUGPEM0046,37.01
0048344,Rech circ imp comm 705 EU 220-230V,Non Référencé CORDON (Remplacé par 0064186),0
0048436,Face 703 noir. imp,07EUGCOS0172,6.81
0048478,CCT fil tors 703 EU 167C (1XE5) blanc,07EUGPPC0283,1.17
0048502,Interrupt 1831.3606G s.lum noir.,07EUGPEM0047,0.58
0048891,Cache 704 bac collect noir,CS20 - Non Référencé CORDON,0
0048893,Insert 704 bac collect,CS20 - Non Référencé CORDON,0
0048905,Microrupt D41R-QGAC V20.1A/250V/4.8x0.8,07EUGPEM0049,0.43
0049176,CCT Fil tors. 702 EU 167C Gris,07EUGPPC0285,0.84
0049177,CCT fil tors 702 EU 192C,07EUGPPC0286,0.76
0049185,Réducteur fluide 702 neutre,07EUGPPC0287,0.2
0049351,Rech circ imp comm 705 EU V2,07EUGPEM0050,67.39
0049354,Rech circ imp comm 702 EU V2,07EUGPEM0051,78.26
0049355,Circ imp puiss 703 220-240V. track fuse,Non Référencé CORDON (Obsolète),0
0049451,Racc coudé fluide 702 0.6,07EUGPPC0289,0.33
0049485,Supp commutat soupa vap 2 microrupt,07EUGPPC0514,0.13
0049489,Cache frontal 702 droite V2,07EUGCOS0173,6.75
0049490,Cache frontal 702 gauch V2,07EUGCOS0174,6.56
0049866,TOLE ESPACEMENT 702 UNIT EXTRACTION NOIR,Non Référencé CORDON,0
0049887,Circ.imp comm 742 220-240V/e3,07EUGPEM0153,33.95
0050001,Soupa sortie élé.chauf V3 press ouvert,07EUGPPC0293,0.84
0050349,Support 742/2001/L 230V/1200W mont.,07EUGPPC0521,29.5
0050405,Cover 702 cup,07EUGCOS0150,0.69
0050411,Grid,07EUGCOS0291,3.01
0050412,Cover 702 cup,07EUGCOS0152,0.56
0050865,Circ.IR détecteur module 702,07EUGPEM0052,6.5
0050867,Clavier module 702 V2,07EUGPEM0157,10.53
0050870,Clavier module 705,07EUGPEM0190,8.21
0050871,LED 703 lumière réservoir,07EUGPEM0054,3.03
0050872,Clavier module V2 on/off bout eau chaude,07EUGPEM0055,7.4
0050901,Crochet fermeture 758 OCS,07EUGPPC0516,0.81
0050921,Tube 703 eau chaude,07EUGCOS0154,7.79
0050973,METALLIC SCREW AND GREASE,07EUGPPC0298,12.27
0051076,Thermobloc 1080W V3,07EUGPEM0056,5.23
0051083,Thermobloc 1080W V2,07EUGPEM0057,5.49
0051084,Clavier module 702 café,07EUGPEM0058,9.24
0051192,Face 702 Cappuc noir V2,07EUGCOS0156,3.87
0051197,Cache Frontal CS200,07EUGCOS0157,3.31
0051221,Réserv eau 702 cpl,07EUGCOS0158,9.14
0051590,Conten lait 704 cpl satin,07EUGCOS0159,10.86
0051640,Cache 703 gobelet noir V2,Non Référencé CORDON (Obsolète),0
0051641,Brise jet 703 noir,07EUGCOS0161,0.73
0052014,Cache 702 sortie chrom.V2,07EUGCOS0162,6.8
0052028,Rech Plaque pyramides 702/705,07EUGPPC0300,2.42
0052030,Rech Plaque supp 702/705,07EUGPPC0302,1.04
0052999,Poussoir soupa 702 cpl mont.,07EUGPPC0305,0.85
0053028,Engrenage,07EUGPPC0306,0.14
0053278,Réserv eau 703 cpl V2,07EUGCOS0163,10.96
0053296,Drip tray 702 right complete,07EUGCOS0167,3.35
0053297,Drip tray 702 middle complete,07EUGCOS0165,3
0053301,Drip tray 702 left complete,07EUGCOS0168,3.35
0053628,Tuyau silic / renforcé 8.2/340mm,07EUGPPC0308,0.56
0053632,Tuyau silic 10.0x2.00x065,07EUGPPC0311,0.14
0053681,Circ.imp. puissance 703,Non Référencé CORDON (Obsolète),0
0053682,Circ.impr puissance 703 V3,07EUGPEM0059,17
0053686,Circ.imp puissance 702 V3,07EUGPEM0038,9.48
0056171,Unit extr 758 inf V2 mont.plaq pyrami.,07EUGPPC0517,3.84
0057367,Module affichage 703 V2,07EUGPEM0061,27.64
0057368,Module affichage 702 V2,07EUGPEM0062,22.7
0058699,Circ.imp comm 758 220-240V V6,07EUGPEM0155,61.2
0058747,Soupa magn DEV122-1560 V2,07EUGPPC0315,8.01
0060148,Unité d'extraction V5,07EUGPPC0317,68.63
0060162,Plaque supp 747 sup V3,07EUGCOS0278,1.78
0062355,Clavier module 703 V3,07EUGPEM0096,7.2
0062356,Circ.imp comm 703 Flash V2,07EUGPEM0063,48.95
0062357,Clavier module 702,07EUGPEM0064,15.81
0062359,Clavier module 705 V3,07EUGPEM0065,15.15
0063022,Circ Imp Comm V7 > 2010 eup,07EUGPEM0144,62.37
0063024,Clavier V2 Boutons S,07EUGCOS0281,2.11
0063026,Circ. Imp Comm 742 droite V3,07EUGPEM0145,11.35
0063108,Transformateur MS6122 230V,07EUGPEM0158,27.83
0063573,Pièce encliquet 702 noir clavier module,Non Référencé CORDON (Obsolète),0
0063994,Kit (CS100):,07EUGPPC0319,1.73
0063995,Kit (Left),07EUGPPC0320,1.7
0063996,Kit (Right):,07EUGPPC0321,1.7
0064183,Rech circ imp comm 702 EU,07EUGPEM0066,36.37
0064184,Rech circ imp comm 702 EU V3,07EUGPPC0322,79.99
0064185,Rech circ imp comm 705 EU V2,07EUGPEM0067,34.99
0064186,Rech circ imp comm 705 EU V3,07EUGPPC0323,79.05
0065033,Réserv eau pour aquaclarity cpl,07EUGCOS0304,19.61
0065090,Condensateur 742 cpl Fil tors bleu 70MM,07EUGCPE0003,0.55
0065773,Circ Imp Comm 72 220-240V/e7,07EUGPEM0153,33.95
0066207,Support 702 reserv eau gauche,07EUGCOS0181,3.41
0066208,Support 702 reserv eau droite,07EUGCOS0182,4.01
0067793,Débimètre Gémini V2,07EUGPPC0543,1.14
0067795,Débimètre FHKSC 12 0°,07EUGPEM0011,1.13
0069293,tube silic  D09.0xd5.00x150mm,07EUGPPC0666,0.14
0069644,Détecteur 640 thermobl cpl V2 L=200mm,07EUGPEM0036,1.4
0071881,o-ring 003.40x1.90 silicon,07EUGPPC0055,0.03
0081598,cct fils tors blanc 733 167°c,07EUGPEM0172,0.91
0081599,cct fil tors 702 192°c brun,07EUGPEM0182,0.77
0082222,cct fils tors gris 733 167°c,07EUGPEM0174,0.9
0082226,Fil torsadé mult 733 EU jaune,07EUGPEM0171,0.69
0082227,fils tors mult 734 jaune,07EUGPEM0179,0.82
0082777,Moteur CS 2x3,07EUGPPC0537,6.09
0082873,BU CS 2X3,07EUGPEM0170,66.05
0082873R,BU CS 2x3 recond,07EUGPEM0189,42.18
0083238,soup magn dev 2 cote racc,07EUGPEM0180,7.96
0083239,electrovanne 2/2 bistable,07EUGPPC0315,8.01
0085125,cct fils tors bleu 733 167°c,07EUGPEM0173,0.92
0085774,panneau com 734 cpl,07EUGPPC0567,17.31
0085777,Panneau com 733 cpl,07EUGCOS0308,13.12
0085778,Panneau com. 733 cpl,07EUGCOS0305,16.72
0085781,Circ IR détecteur module 733,Non Référencé CORDON,0
0085782,box comm 733 cpl,07EUGPPC0553,77.62
0085784,Led 733 lumière réservoir,07EUGPEM0166,2.97
0085785,tranformateur 733 cpl,07EUGPEM0175,15.49
0086803,rech plaque supp 733,07EUGPPC0538,1.01
0091745,Lien tower link CS2x3 Dispenser ,07EUGCAB0001,29.26
0092181,afficheur 733 cpl,07EUGPEM0176,19.01
0093964,box comm 733 cpl (ancienne),07EUGPPC0553,77.62
0095550,Sonsory box CS 2X3 V2,07EUGPEM0168,6.91
0095746,Carte puissance 2x3 cappuccino,07EUGPEM0181,10.23
0108294,M120 - Connecteur Lait module,07EUGPPC0742,0.27
0108297,couplage eau chassis,07EUGPPC0679,0.23
0108323,grille bac égouttoir  C,07EUGCOS0396,2.76
0108325,grille bac égouttoir CC & CM,07EUGCOS0414,3.18
0108519,BU momento complète,07EUGPEM0206,117.32
0108523,tuyau silicon D09.0xd5.00x400mm,07EUGPPC0685,0.37
0108628,PCB détection niveau d'eau,07EUGCEL0003,6.73
0108629,PCB détection bac à capsule,07EUGPEM0232,1.6
0108630,PCB access point,07EUGCEL0002,12.38
0108631,PCB EMC 100-240V 50/60Hz,07EUGCEL0001,4.16
0108656,thermobloc 220-240v IEC 1100W,07EUGPEM0213,12.44
0108657,tube silic 230,07EUGPPC0665,0.48
0108875,résistance plateau chauffe tasse,07EUGPEM0216,6.83
0108895,o-ring 005.23x2.62 EPDM,07EUGPPC0663,0.06
0109225,Plaque fileté chassis Momento,07EUGPPC0675,0.05
0109268,câble débimètre,07EUGPPC0668,0.93
0109276,câble signal reconnaisance capsule,07EUGPPC0669,0.34
0109277,câble signal main-MMI,07EUGPPC0670,1.68
0109279,câble signal 24v/3v Main-MMI,07EUGPPC0671,0.83
0109305,câble détecteur niveau d'eau  c/cc,07EUGPPC0683,0.57
0109306,extention câble main Chassis,07EUGPPC0687,3.01
0109312,câble signal access point,07EUGPPC0684,3.57
0109321,M120 - Connecteur PCB Chassis - PCB carte eau,07EUGPEM0287,0.64
0109352,power supply,07EUGPEM0214,13.57
0109359,led  tasse,07EUGPEM0207,1.15
0109387,serrure,07EUGPPC0677,3.38
0111872,support tasse pivotante droite,07EUGCOS0397,9.29
0111873,support tasse pivotante gauche,07EUGCOS0413,10.44
0111876,bac d'égouttage C,07EUGCOS0401,6.29
0111877,bac d'égouttage CC & CM,07EUGCOS0412,7.7
0111879,réservoir à eau C/CC,07EUGCOS0400,15.01
0113199,bac de rinçage,07EUGCOS0402,8.04
0113253,câble MHBU assembled,07EUGPPC0674,1.92
0113255,fusible 8A/500v,07EUGPEM0215,0.37
0114008,M120 - Cache arrivée lait Chassis,07EUGCOS0450,1.14
0114408,façade avant,07EUGCOS0383,4.96
0116167,M120 -  Clips Ligne lait module café,07EUGPPC0744,0.03
0116754,bac capsule,07EUGCOS0392,26.73
0116896,sortie café complet,07EUGPPC0657,1.6
0116897,pompe Momento 230V,07EUGPEM0208,10.24
0116910,tube silic/renforcé 300mm/embout/bride,07EUGPPC0658,1.86
0116911,tube silic / renforcé 190mm+110mm,07EUGPPC0659,3.31
0116912,tube silic/renforcé 340mm,07EUGPPC0660,2.12
0116913,tube silic/renforcé 64mm,07EUGPPC0661,1.25
0117646,Module café complet,07EUGKIT0001,554.82
0118490,système de reconnaisance capsule,07EUGPEM0209,58.45
0118491,PCB chassis ,07EUGPEM0218,35.57
0118492,carte électronique chassis extension CC,07EUGPEM0219,32.07
0118495,Main PCB coffee module ,07EUGPEM0210,57.99
0118497,MMI complet,07EUGPEM0211,122.87
0118497/R,MMI complet rec,07EUGPEM0211CR,0
0119090,M120 - Bac à eau ,07EUGCOS0449,18.42
0119424,Kit Moteur BU,07EUGPEM0212,13.43
0128457,M120 - Electrovanne de sortie ,07EUGPEM0234,77.88
0128470,M120 - Vis plastique Electrovanne,07EUGPPC0712,1.87
0128480,M120 - Electrovanne RF Box,07EUGPEM0237,66.06
0128485,M120 - carte électronique principal,07EUGCEL0005,201.08
0128488,M120 - Capteur detection tablette RF Box,07EUGPEM0236,14.97
0128489,M120 - Electrovanne Nettoyage,07EUGPEM0239,60.26
0128491,M120 - Electrovanne vapeur,07EUGPEM0240,53.7
0128493,M120 - Electrovanne Lait/mousse,07EUGPEM0242,67.71
0128494,M120 - Securité pression,07EUGPPC0729,47.2
0128683,M120 - Joint arrière RF Box,07EUGPPC0714,2.81
0128686,M120 - Cache carte electronique arrière,07EUGPPC0718,4.34
0128691,M120 - Cerclips pompe à eau,07EUGPPC0731,4.64
0128695,M120 - Regulateur d'air,07EUGPEM0243,207.79
0128696,M120 - Vis chambre de chauffe,07EUGPPC0736,0
0128698,M120 - Plaque latéral,07EUGPPC0737,0
0128806,M120 - Raccord L - Electrovanne de sortie,07EUGPPC0713,4.79
0128810,M120 - Faiseaux RF Box,07EUGPEM0235,3.25
0128812,M120 - Boitier RF Box,07EUGPPC0716,11.64
0128814,M120 - Raccord eau nettoyage RF Box,07EUGPPC0717,1.52
0128815,M120 - Tube Aspiration,07EUGPPC0715,13.65
0128816,M120 - Chambre de chauffe,07EUGPPC0735,27.27
0128823,M120 - Contacteur carte électronique,07EUGCEL0006,32.77
0128827,M120 - Cache carte electronique sup,07EUGPPC0719,15.8
0128832,M120 - Regulateur de pression,07EUGPPC0720,62.01
0128832R,M120 - Regulateur de pression- Retrofit V2,07EUGPPC0720C,0
0128833,M120 - Boiler 230V,07EUGPEM0238,190.63
0128833R,M120 - Boiler 230V - Retrofit V2,07EUGPEM0238C,0
0128834,M120 - Sortie Bac d'égouttage,07EUGPPC0721,2.07
0128835,M120 - Pompe Lait 24V,07EUGPEM0244,356.74
0128836,M120 - Raccord T - Pompe à lait - Air,07EUGPPC0727,24.8
0128837,M120 - Frigo 220V seul,07EUGPEM0233,909.08
0128838,M120 - Raccord rapide  8mm,07EUGPPC0733,1.15
0128839,M120 - Sonde température lait,07EUGPEM0248,25.52
0128841,M120 - Bac à lait + bac de nettoyage,07EUGCOS0451,108.63
0128842,M120 - Couplage module eau,07EUGPPC0734,32
0128844,M120 - Electrovanne vidange,07EUGPEM0241,40.57
0128845,M120 - Tuyau Pompe - Boiler,07EUGPPC0732,5.9
0128846,M120 - Pompe 24V,07EUGPEM0246,21.25
0128849,M120 - Raccord T,07EUGPPC0722,7.05
0128850,M120 - Raccord Y evacuation,07EUGPPC0730,1.77
0128851,M120 - Raccord coudé sortie pompe,07EUGPPC0728,15.38
0128852,M120 - Raccord droit,07EUGPPC0726,6.01
0128854,M120 - Raccord Y,07EUGPPC0723,8.71
0128855,M120 - Réducteur 0.65,07EUGPPC0724,5.12
0128857,M120 - Réducteur 0.90,07EUGPPC0725,5.56
0128861,M120 - Faisceaux module lait,07EUGPEM0247,39.29
0128867,M120 - Vis Plaque latéral,07EUGPPC0738,0.63
0128878,M120 - Manomètre électronique,07EUGPEM0245,49.38
0128984,M120 -  Ligne lait module café,07EUGPPC0743,4.22
0128985,M120 - connexion module café/lait,07EUGPPC0765,3.87
0129367,Joint raccord évacuation des eaux,07EUGPPC0741,0.05
0146546,Capsule LID V2,07EUGPEM0292,3.12
0147161,M120 - Tube 85mm pour Suppression PRV,En Cours de création,0
0147162,M120 - Tube 125mm pour Suppression PRV,En Cours de création,0
0147163,M120 - Tube 290mm pour Suppression PRV,En Cours de création,0
0147164,M120 - connecteur pour Suppression PRV,En Cours de création,0
1004561,Tower CS - Cable  Dispenser - Monnayeur,07AEQPEM0012,35.3
104602,Raccord 15x21,07NESPPC0017,5.42
108725,Bouchon bac d'égouttage Momento,07EUGPPC0709,0.1
109386,Kit réseau d'eau Momento 200,07EUGPPC0693,31.49
116843,Clé bac à eau Momento,07EUGPPC0678,0.77
118747,Capsule LID V1,07EUGPEM0225,4.08
119089,Réservoir à eau C/CC V2,07EUGCOS0415,14.98
119235,PCB détection d'eau V2,07EUGPEM0224,7.9
119346,Kit BU Momento,07EUGPEM0226,31.69
122692,Bac capsules Trémie Momento,07EUGCOS0448,33.75
131416,M120 - Kit préventive module lait,07EUGKIT0004,143.47
146560,Slot insertion capsule V2 sans Moteur,07EUGCOS0571,0.35
262667,Bac à capsule complet,07EVOPPC0007,0
262605,Bac à capsule vierge,07EVOPPC0003,19.4
252621,Bouton ON/OFF,07EVOPEM0003,4.1
251860,Câblage + capteur porte,07EVOCAB0005,2.57
262647,Cablâge liaison plateau/structure,07EVOCAB0003,21.99
262648,Cablâge plateau,07EVOCAB0004,5.95
262645,Cable général,07EVOCAB0001,49.03
261437,Capteur barrière sortie de capsule,07EVOPEM0002,14.92
262651,Capteur capsule tiroir,07EVOPEM0006,16.08
261238,Carte d'alimentation,07EVOCEL0002,23.7
262246,Carte de commande,07EVOCEL0001,100.22
262653,Carte système de paiment,07EVOCEL0003,11.75
262652,Carte tiroirs,07EVOCEL0004,50.57
Facturation,Cas de mauvaise utilisation facturée au client,Non Référencé CORDON,0
262631,Courroie plateau,07EVOPPC0005,8.25
262658,Ecran Tacile,07EVOLCD0001,496.18
262668,Glissière chassis,07EVOPPC0001,21.84
262610,Glissière Tiroir,07EVOPPC0002,4.23
262606,Joint Torique rouleau,07EVOPPC0004,1.2
257345,LED Sortie de capsule,07EVOPEM0001,1.72
262359,Moteur tiroir rouleau/plateau,07EVOPEM0005,22.53
0000001,Pas de pièce,Non Référencé CORDON,0
262662,Porte Dispenser Momento,07EVOCOS0001,165.93
262657,Poulie plateau,07EVOPPC0006,2.25
261438,Recepteur barrière sortie de capsule,07EVOPEM0004,13.98
262703,Serrure porte Dispenser,07EVOPPC0010,3.8
262674,Tapis plateau rotatif,07EVOPPC0008,6.11
263902,TOWER - Barillet Paiment module,07EVOPPC0014,16.85
44949,Couvercle 703 réserv eau,07EUGCOS0132,3.19
44951,Egouttoir 703 inox,07EUGCOS0133,6.08
48479,CCT fils tors 703 EU 167 C,07EUGPPC0284,1.12
49510,Bac collecteur 703 cpl,07EUGCOS0148,3.13
51990R,Bu Cs 2x0 reconditionné,07EUGPPC0526,0
92354,Tower - Complete Dispensing Module,07AEQPEM0001,48.6
92355,Vitre Dispenser Gemini,07AEQCOS0001,240.07
92374,Tower - Spring Cup Dispenser,07AEQPPC0009,1.76
92375,Tower - Cup Dispenser Tube (compl),07AEQCOS0009,45.05
92376,Tower - Button Print Set (6 pc) no cable,07AEQPEM0004,20.16
92377,Tower - Display Set,07AEQPEM0006,16.46
92378,Tower - Tasten,07AEQPEM0007,3.46
92520,Tower - Evacuation tube base cabinet,07AEQPPC0010,4.4
92759,Tower - Micro switch for Dispenser door,07AEQPEM0003,4.49
92760,Tower - Dispenser main board,07AEQCEL0001,119.61
92761,Tower - Dispenser power board,07AEQCEL0002,34.44
93091,Tower - Driving motor base cabinet 30035,07AEQPEM0013,10.08
AQUASTOP,Aquastop,07NESPPC0011,14.73
262649,Tower Link,07EVOCAB0002,12.89
B0606CM,Raccord Femelle 3/8 BSPP à cône x 6 mm,07NESPPC0001,2.65
BESTMAXV,Filtre BWT Bestmax V,07NESPPC0013,35.5
CAPUCHON,GUIDE BOUTON TOWER ,07NESPPC0016,0.15
CBLXS00274,POTENTIOMETRE ,07EDGPEM0001,37.26
ELE0000915,THERMOSTAT DE POMPE,07EDGPEM0002,2.08
ELE0000931,SONDE DE TEMPERATURE,07EDGPEM0003,6.94
ELE0000985,SONDE DE TEMPERATURE,07EDGPEM0004,13.5
ELE0000986,SONDE DE TEMPERATURE,07EDGPEM0005,9.28
ELE0000987,CLICKSON 105° (COUPE CIRCUIT EN CAS DE TEMPERATURE TROP ELEVEE),07EDGPEM0006,3.65
ELE0001012R,RELAI,07EDGPEM0007,30.27
ELE0001535CLR,MICRORUPTEUR DE SECURITE,07EDGPEM0008,21.88
ELE0001911,LEVIER DE MICRORUPTEUR,07EDGPPC0001,0.43
ELE0002014,CONNECTEUR BIPOLAIRE 15A 250V,07EDGPEM0009,1.51
ELE0002020,CONNECTEUR BIPOLAIRE 20A 250V,07EDGPEM0010,2.34
ELE0002350,PRISE SECTEUR,07EDGPEM0011,1.66
ELE0003507CL,PORTE FUSIBLE,07EDGPPC0002,2.4
ELE0003509CL1,PORTE FUSIBLE + FUSIBLE 6.3X32 16A,07EDGPEM0012,9.03
ELE0004001R,CAPTEUR DE CAPACITE,07EDGPEM0013,41.44
ELE0009066,FILTRE ANTI PARASITE,07EDGPEM0014,54.36
ELT0030775,ECRAN TACTILE 10.1",07EDGLCD0001,140.59
EVERPURETETE,tête filtre everpure,07THEPPC0063,25.37
EVERPUREXL,filtre everpure XL,07THEPPC0064,87.87
252384,Vis cache lecteur QR Code,07EVOPPC0009,0.82
GUA0000004,JOINT 104 ,07EDGPPC0003,0.04
GUA0000045,DIAFRAGME (MENBRANNE),07EDGPPC0004,0.17
GUA0000061,JOINT 2010 VITON,07EDGPPC0005,0.24
GUA0000067,JOINT,07EDGPPC0006,0.76
GUA0000080,JOINT4112 SILICON,07EDGPPC0007,0.35
GUA0000097,JOINT SILICONNE ,07EDGPPC0008,0.48
GUA0000103,JOINT 3075 SILICON,07EDGPPC0009,0.15
HLV194,Hydrolife Inline,07NESPPC0002,23.79
KITCOMPTP125,Kit complément préventive Aguila 420,07THEKIT0010,317.78
KITCOMPTP126,Kit complément préventive Aguila 220/440,07THEKIT0009,158.89
kitreworkprv,Kit Rework PRV M120,07EUGKIT0011,54.55
MINIPREV,Mini Préventive Aguila,Non Référencé CORDON,0
PM11148,Union simple male,07NESPPC0003,1.59
PREV,Préventive complète Aguila,Non Référencé CORDON,0
PREVLAIT,Préventive M120 Lait,Non Référencé CORDON,0
RACEVAC,Raccord evacuation mini tower,07NESPPC0018C,0
RS7001094,prise 220V Aguila,07THEPEM0067,11.1
RS7050831,prise tétraphase 20A,07THEPEM0063,18.73
RS7050869,prise tétraphase 32A,07THEPEM0064,30.39
RV-ELEA122001,LED,07EDGPEM0015,24.37
SCH0003740,FILTRE MOTEUR,07EDGPEM0016,4.18
SCH0006260,LECTEUR DE CARTE,07EDGPEM0017,32.53
SCH0009864,CARTE ELECTRONIQUE,07EDGCEL0001,165.78
SCH0009990-02,CARTE DE L'ECRAN TACTILE D'AFICHAGE,07EDGCEL0002,336.44
SCH0010080,BOUTON MENU ,07EDGCOS0001,5.21
SER0000024/1,SERRURE EN ACIER INOXYDABLE C.3374,07EDGCOS0002,3.14
SP_AC_008,Momento cabinet - Bouchon + capteur de niveau d'eau,07ALRPEM0001,81.17
SP_AC_009,Momento cabinet - Cable Momento - système evacuation,07ALRCAB0001,22.15
SP_AC_010,Momento cabinet - Tuyau d'évacuation,07ALRPPC0004,4.44
SP_AC_011,Momento cabinet - Raccord évacuation Momento ,07ALRPPC0005,3.12
SP_AC_019,Momento cabinet - Pente de distribution pour tiroir,07ALRCOS0008,6.71
SP_CD_002,Momento cabinet - Retenue Silicone petit gobelet,07ALRPPC0022,1.59
SP_CD_003,Momento cabinet -Retenue Silicone  moyen gobelet,07ALRPPC0023,1.71
SP_CD_004,Momento cabinet -Retenue Silicone  grand gobelet,07ALRPPC0024,1.71
SP_CD_005,Momento cabinet -Anneaux de verrouillage,07ALRCOS0013,3.46
SWAP,Préventive SWAP,Non Référencé CORDON,0
TEOL000001CL2,TUBE EXTRACTEUR D.20 300MM,07EDGPPC0010,1.39
TEOL000001CL3,TUBE EXTRACTEUR D.20 220MM,07EDGPPC0011,3.21
TESTCARBONATE,test carbonate,07THEDIV0001,12.39
TETEBESTMAX,Tete de filtre Bestmax BWT,07NESPPC0012,32
TP100318,Connecteur bac evacuation Aguila,07THEPPC0091,4.11
TP101383,joint 1/8,07THEPPC0001,0.62
TP101572,kit régulateur de pression,07THEPPC0060,25.89
TP101992,filtre 1/8,07THEPPC0002,1.08
TP102446,raccord rapide / filetage femelle 4-1/8,07THEPPC0003,1.84
TP102448,raccord rapide / filetage mal 4-1/8,07THEPPC0004,1.11
TP102744,interrupteur électrique,07THEPEM0001,2.3
TP103236,Riselan Chaudière,07THEPPC0111,0.52
TP104050,Vis façade Aguila,07THEPPC0102,1.82
TP104069,clapet anti-retour bec de canard,07THEPPC0005,1.22
TP104117,robinet régulateur d'air rouge,07THEPPC0006,2.82
TP104333,membrane régulateur de pression Ø28.5,07THEPPC0007,5.04
TP104745,sonde NTC bouilloire complète,07THEPEM0002,13.75
TP104778,joint 3.69x1.78 FKM,07THEPPC0008,0.48
TP104779,joint 3.69x1.78 EPDM,07THEPPC0009,0.47
TP104788,joint 5.28x1.78 EPDM,07THEPPC0010,0.5
TP104792,joint 5.00x1.50 FKM,07THEPPC0011,0.49
TP104793,joint 5.00x1.50 MVQ,07THEPPC0012,0.48
TP104816,joint 9.00x1.00 EPDM,07THEPPC0013,0.48
TP104817,Joint serpentin,07THEPPC0014,0.47
TP104819,joint 10.82x1.78 VMQ,07THEPPC0015,0.5
TP104834,joint 12.00x2.00 NBR,07THEPPC0016,0.47
TP104837,joint 14.00x1.78 FKM,07THEPPC0017,0.48
TP104887,Joint noyaux électrovanne Cleaning bloc,07THEPPC0194,0.96
TP105048,Vis cleaning Block,07THEPPC0103,0.49
TP105205,relais électrique 4+1 25A,07THEPEM0003,14.39
TP105352,goupillon,07THEPPC0018,1.69
TP105440,tuyau FEP Ø4/2,07THEPPC0019,2.75
TP105502,tuyau FEP Ø6/4,07THEPPC0020,5.3
TP105516,tuyau FEP Ø8/6,07THEPPC0021,10.37
TP105842,tuyau silicone Ø7/10,07THEPPC0022,1.91
TP106056,coupe tube,07THEOUT0001,15.75
TP106492,fusible 5x20/6.3A,07THEPEM0057,0.47
TP106588,tuyau silicone Ø8.5/4,07THEPPC0023,0.94
TP106597,tuyau silicone Ø9.5/5,07THEPPC0024,5.06
TP107286,fusible thermique 125° C HM,07THEPEM0056,1.47
TP107875,connecteur electrovanne Clean et Rince,07THEPEM0065,3.69
TP107944,bouchon de prise hexagonal,07THEPPC0025,0.77
TP108226,evacuation Y général,07THEPPC0071,0.48
TP108555,bouchon bac de récupération,07THEPPC0026,0.51
TP108793,diaphragme,07THEPPC0027,7.06
TP112413,rondelle de blocage,07THEPPC0028,0.47
TP114223,ventilateur 230V /50Hz. 120x120x38,07THEPEM0071,23.69
TP115398,connecteur T Lait,07THEPPC0029,7.91
TP115707,fusible 10x40/8A,07THEPEM0055,12.26
TP115836,commutateur à vis,07THEPPC0031,3.35
TP115889,tuyau Ø13/7,07THEPPC0032,2.42
TP115917,set triac,07THEPEM0004,4.38
TP115953,filtre débitmètre,07THEPPC0033,1.06
TP116819,serpentin à lait assemblé,07THEPEM0005,61.21
TP116819R,Serpentin reconditionné,07THEPEM0005R,0
TP117072,carte compact flash,07THEPEM0006,19.93
TP117112,NTC Sonde bouilloire,07THEPEM0007,22.25
TP117246,NTC sonde réfrigérateur,07THEPEM0008,10.88
TP117246V2,NTC V2 sonde réfrigérateur,07THEPEM0086,12.22
TP117304,joint 10.00x1.00 EPDM,07THEPPC0034,0.47
TP117469,diaphragme valve hydro ,07THEPPC0035,44.75
TP117662,air mini valve,07THEPEM0009,24.59
TP117704,ventilateur réfrigérateur 24VDC,07THEPEM0010,19.18
TP118145,connecteur d'angle,07THEPPC0036,5.62
TP118151,fusible T4A H250V 5x20,07THEPEM0054,0.48
TP118525,bloc nettoyage sans valve purge,07THEPEM0011,77.9
TP118594,plongeur lait avec filtre,07THEPPC0037,1.18
TP118950,bac capsule aguila,07THEPPC0072,51.73
TP118965,tole façade Aguila sans electronique,07THECOS0001,51.84
TP119033,module lait complet,07THEPEM0012,313.19
TP119052,bouilloire café complette,07THEPEM0061,123.08
TP119055,bouilloire eau chaude complette,07THEPEM0062,224.99
TP119063,carte de contrôle EACB,07THEPEM0013,140.52
TP119063R,carte de contrôle EACB Reconditionné,07THEPEM0013CR,0
TP119064,carte de puissance module ,07THEPEM0014,90.85
TP119064R,carte de puissance module reconditionné,07THEPEM0014CR,0
TP119069,Support de tasse Complet,07THECOS0002,29.18
TP119141,Façade Aguila 420 complette,07THECOS0003,261.29
TP119143,joint 88.00x4.00 EPDM,07THEPPC0038,1.21
TP119201,sortie café,07THEPPC0039,1.82
TP119228,bac évacuation AG420/AG440,07THECOS0026,29.05
TP119230R,réfrigérateur 230V complet,Non Référencé CORDON,0
TP119240,débitmètre G1/4  Ø1.15 complet,07THEPEM0016,26.96
TP119241,kit robinet contrôle de pression 16.5bar,07THEPEM0017,9.47
TP119295,Corps de pompe,07THEPEM0018,91.11
TP119295R,Corps de pompe,07THEPEM0060CR,0
TP119297,pompe eau + moteur,07THEPEM0019,147.67
TP119305,moteur de pompe 230V,07THEPEM0020,93.13
TP119385,débitmètre G1/4 Ø1.15,07THEPEM0022,27.86
TP119391,bouilloire à thé complète,07THEPEM0021,67.54
TP119407,valve anti-retour lait complète,07THEPEM0023,4.03
TP119414,joint 2.90x1.78 EPDM,07THEPPC0040,0.51
TP119415,joint 8.00x1.50 EPDM,07THEPPC0041,0.51
TP119440,clavier café complet,07THEPEM0024,30.07
TP119440R,clavier café complet reconditionné,07THEPEM0024CR,0
TP119444,clavier recette avec display,07THEPEM0069,107.59
TP119444R,clavier recette avec display reconditionné,07THEPEM0104CR,0
TP119445,levier,07THEPPC0042,9.29
TP119536,unité d'extraction Droite,07THEPEM0026,37.57
TP119537,unité d'extraction gauche ,07THEPEM0027,37.42
TP119562,Porte réfrigerateur Aguila,07THECOS0004,67.14
TP119584,vis porte réfrigérateur,07THEPPC0068,0.45
TP119596,sortie thé + recette,07THEPEM0028,3.05
TP119599,tole façade boule Aguila nu,07THECOS0005,46.54
TP119629,connexion RB/WP avec T complet,07THEPPC0043,13.67
TP119665,tube silicone  °8.5/4 x 1000mm,07THEPPC0070,0
TP119779,Raccord serpentin,07THEPPC0116,3.86
TP119898,valve diaphragme 2/2 Ø2.0 complet,07THEPEM0029,37.56
TP119903,faisceau de câblage module,07THEPEM0030,17.59
TP119904,faisceau de câblage RF/W - pompe,07THEPEM0031,7.51
TP119998,cable court 24V,07THEPEM0072,1.4
TP119999,câble alimentation 24V,07THEPEM0032,7.48
TP120001,faisceau pompe Aguila,07THEPEM0082,4.9
TP120002,serrure avec câble,07THEPEM0033,10.73
TP120009,bac lait Aguila,07THEPPC0073,18.39
TP120011,faisceau câblage signal,07THEPEM0034,25.41
TP120045,bouton-poussoir M12x075,07THEPPC0044,4.81
TP120079,carte de puissance,07THEPEM0035,93.66
TP120136,ensemble pompe lait,07THEPEM0036,224.92
TP120179,enjoliveur bac égoutoire,07THECOS0006,60.22
TP120248,électrovanne 2/2 Ø11 petite,07THEPEM0038,18.88
TP120250,électrovanne 3/2 Ø11 petite,07THEPEM0039,19.88
TP120257,joint Ø2900x3.00 EPDM clef de nettoyage,07THEPPC0045,0.83
TP120301,buse pompe à lait inox,07THEPPC0046,3.49
TP120302,bague d'espacement buse,07THEPPC0047,2.74
TP120337,Mini Electrovanne 32/2 air pompe,07THEPEM0076,20.49
TP120357,manomètre de pression 16Bar complet,07THEPEM0040,47.12
TP120360,Vis Levier,07THEPPC0110,0.21
TP120369,grille support de tasse aguila,07THECOS0007,7.87
TP120406,faisceau câble vanne de nettoyage,07THEPPC0048,0.88
TP120413,clef de programmation,07THEOUT0002,2.14
TP120436,Cable intermédière 24V,07THEPEM0073,1.7
TP120437,faisceau câble RF-box / OV clef nettoyage,07THEPEM0041,5.14
TP120438,câble de connexion RF-BOX  CPU,07THEPPC0049,7.5
TP120449,carte de contrôle,07THEPEM0042,156.09
TP120451,Roulement poigné aguila,07THEPPC0074,1.4
TP120488,Tuyau Evacuation AG420/440 complet,07THEPPC0089,15.76
TP120505,valve anti-retour G1/8 assemblé,07THEPEM0043,5.28
TP120528,Boite de 62 tablettes de nettoyage Schultz,07THEFCH0002,25.39
TP120555,kit noyau d'électrovanne 3/2,07THEPEM0044,4.61
TP120564,kit noyau d'électrovanne 2/2,07THEPEM0045,6.52
TP120572,grande valise Aguila ,07THEKIT0005,3012.37
TP120574,kit électrovanne 3/2 Ø14 petite,07THEPEM0046,30.39
TP120592,Collecteur Y vidange,07THEPPC0075,0.65
TP120616,Câble électrovanne arriver d’eau ,07THEPPC0112,1.67
TP120694,connecteur droit 4-1/8,07THEPPC0062,1.9
TP120698,connecteur coudé 4-1/8,07THEPPC0050,5.36
TP120900,carton 12 boites tablette,07THEFCH0001,273.07
TP120930,clef de nettoyage complète,07THEPEM0047,5.97
TP121171,carte de puissance module assemblé,07THEPEM0048,96.16
TP121179,robinet régulateur d'air bleu,07THEPEM0049,3.05
TP121209,carroserie gauche aguila,07THECOS0008,74.95
TP121210,carroserie droite Aguila,07THECOS0009,70.01
TP121297,connecteur RF-box ,07THEPPC0053,4.94
TP121409,Nozzle pompe à lait,07THEPPC0117,0.7
TP121510,support RFBOX haut support ventilateur,07THEPPC0087,2.26
TP121511,cache RF-Box AG440 / AG220,07THEPPC0092,1.56
TP121736,chauffe tasse AG440/AG420 sans neslink,07THECOS0033,162.89
TP121764,dispositif de démarrage compresseur 230V,07THEPEM0050,14.41
TP121907,système de nettoyage complet,07THEPEM0051,33.69
TP122373,Joint raccord serpentin,07THEPPC0115,0.48
TP122785,plongeur lait complet v3,07THEPEM0052,12.04
TP122832,sonde de remplissage lait complète,07THEPEM0053,13.03
TP123422,Grande grille evacuation AG220/440,07THECOS0029,36.96
TP123427,frame front set drip tray AG220,07THEPPC0065,46.24
TP123562,ressort de vanne magnétique,07THEPPC0054,0.47
TP124160,clef rouge,07THEPPC0055,4.88
TP124419,réducteur de pression,07THEPPC0056,1.07
TP124675,Boilloire Gauche AG220/440 ,07THEPEM0087,128.64
TP125024,HACB Control Board AG220,07THEPEM0085,136.42
TP125025,HAPB Power Board,07THEPPC0067,97.76
TP125205,check valve G1/4,07THEPPC0061,9.65
TP125297,Flowmeter ø4-1/4. ø1.15 V3,07THEPEM0022,27.86
TP125335,Liaison sonde frigo AG220,07THEPPC0108,1.13
TP125377,kit préventive AG420,07THEKIT0002,642.54
TP125399,Tuyau Evacuation 220 complet,07THEPPC0090,16.85
TP125510,petite valise Aguila,07THEKIT0006,998
TP125647,Levier Zamak,07THEPPC0057,9.5
TP125647R,Levier Zamak reconditionné,07THEPPC0057CR,0
TP125694,tube asspiration AG220,07THEPPC0066,10.4
TP125808,Ensemble pompe lait AG220/440,07THEPEM0074,270.93
TP125827,Serrure AG220 - 440,07THEPPC0113,9.87
TP125841,Liaison connecteur Frigo AG220,07THEPEM0097,7.85
TP125867,Raccord coudé pompe eau Aguila 8-3/8,07THEPPC0098,8.29
TP125873,drain plug G1/8,07THEPPC0058,2.83
TP125894,electrovanne 2/2 set,07THEPEM0037,33.84
TP125921,Connecteur RB à WP répartiteur d'eau,07THEPEM0066,15.26
TP125929,valve de contôle de pression 16.5 bar,07THEPPC0076,15.18
TP125951,BU B2B horeca droite assemblé,07THEPPC0052,132.93
TP125952,BU B2B horeca gauche assemblé,07THEPPC0051,133.42
TP126015,kit de maintenance BU,07THEPPC0059,37.3
TP126063,Raccord T sortie boilloire cafe AG220/440,07THEPPC0088,10.26
TP126122,carte de puissance AG220,07THEPEM0058,102.78
TP126525,Frixation Gauche support de tasse Aguila,07THEPPC0077,3.94
TP126526,Frixation Droite support de tasse Aguila,07THEPPC0078,3.95
TP126539,alimentation AG220 220V,07THEPEM0089,6.87
TP126592,Clavier recette Aguila AG220/440,07THEPEM0025,120.56
TP126617,kit préventive AG220,07THEKIT0008,348.41
TP126667,sonde niveau et température complette,07THEPEM0059,60.82
TP126770,Kit raccordement caisse de restauration,07THEPPC0079,11.5
TP126976,Moteur + corps de pompe,07THEPEM0060,264.97
TP126986,électrovanne 2/2 proportionnelle AG220,07THEPEM0075,85.49
TP127814,pils baterie AG440,07THEBAT0001,1.41
TP128065,flexible 12/17,07THEPPC0093,11.84
TP128750,Joint flexible 3/8,07THEPPC0101,0.53
TP128883,petite grille évacuation AG440,07THECOS0028,30.34
TP128991,Carte de puissance AG440,07THECEL0001,125.64
TP128992,Carte de contrôle AG440,07THECEL0002,102.79
TP129222,aspiration lait gauche AG440,07THEPPC0094,19.18
TP129322,aspiration lait droite AG440,07THEPPC0095,18.6
TP129379,cable de connection RFBOX AG440,07THEPEM0090,13.96
TP129383,bac lait gauche violet AG440,07THECOS0030,10.16
TP129384,bac lait droit jaune AG440,07THECOS0031,10.35
TP129456,carte de connection AG440,07THEPEM0091,8.26
TP129492,bouton mise en veille,07THECOS0032,2.25
TP129863,Porte Refrigerateur avec serrure,07THECOS0013,94.03
TP129903,carte power supply AG440,07THEPEM0092,100.94
TP130174,kit préventive AG440,07THEKIT0011,665.99
TP130994,raccord T pompe eau Aguila 6-3/8,07THEPPC0097,7.89
TP132534,Raccord L arrivée d'eau 3/8 - 10,07THEPPC0104,19.71
TP132598,Raccord chaudière café Aguila,07THEPPC0100,4.15
TP132854,T de sortie bouilloire café Gauche Aguila 440/220,07THEPPC0099,6.36
TP133342,Check valve G1/4 V3,07THEPPC0061,9.65
TP133716,Sonde Frigo AG V3,07THEPEM0096C,0
TP134428,Sonde niveau AG440 Jaune,07THEPEM0094,60.45
TP134430,Sonde niveau AG440 Violet,07THEPEM0095,63.38
TP142079,Couvercle suppression interrupteur R600A,07THEPPC0134,2.29
TP142461,Cablage 380V AG220 R600A,07THECAB0005,7.26
TP142462,Cablage 220V AG220 R600A,07THECAB0006,9.42
TP142478,Panneau central arrière AG220 R600A,07THECOS0048,62.73
TP142483,Réfrégirateur AG440 R600A,07THEPEM0114,718.13
TP142487,Réfrégirateur AG220 R600A,07THEPEM0112,607.28
TP142765,Cablage AG440 R600A,07THECAB0007,24.7
TSIL05/08T,TUYAU EN SILICONNE 5X8,07EDGPPC0012,2.28
TSIL07/11T,TUYAU SILICONE 7X11,07EDGPPC0013,4.08
V11132,Raccord synthétique Male 3/8 - VD,07NESPPC0015,2.51
V53300,Réducteur de pression,07NESPPC0010,50.25
V5700211,Kit pompe flojet,07NESDIV0018,160.65
V5701103,Bidon à eau 20L,07NESDIV0019,10.65
V90612E,Equerre Male 1/4-6mm,07NESPPC0004,3.27
VPBF00300,Mamelon double MM3/8,Non Référencé CORDON,0
VPEN00604,Tuyau poly noir 4x6mm,07NESPPC0005,45
VPM0206E,PM 0206E - 6 - Té égal,07NESPPC0006,2.58
VPM210806E,PM210806E equerre inég 8/6,Non Référencé CORDON,0
VPPMS606,Vanne d'arrêt droit synth. pour tube 6mm,07NESPPC0007,7.63
WZ154007,Reduc synth. raccord tournant,07NESPPC0008,4.88
Z0010020052,BUSE SORTIE PRODUIT ,07EDGPPC0014,0.35
Z0010024164,EJECTEUR DU BAC DE COLLECTE,07EDGPPC0015,1.4
Z0010024164R,EJECTEUR MARC DE CAFE,07EDGPPC0016,6.78
Z0010027022,TIROIR,07EDGPPC0017,0.91
Z0020039073CM,GOUPILLE DE SOUTIEN DE TASSE  RAL9006,07EDGPPC0018,0.76
Z0020039533,BEC VERSEUR 30° D.6,07EDGPPC0019,0.19
Z0020039539R,BEC VERSEUR D.4  (Lot de 10),07EDGPPC0020,0.78
Z002A122029R1,PLEXIGLASS + ECRAN TACTILE + PANNEAU NOIR MILANO,07EDGCOS0003,190.56
Z002A122041-04,SUPPORT DE GOBELET EN ACIER INOXYDABLE,07EDGCOS0004,20.08
Z002A145034R,PANNEAU NOIR EN PLEXIGLAS,07EDGCOS0005,190.56
Z0080100042,BAGUE DE MELANGEUR/TUYAU D'ENTREE,07EDGPPC0021,0.91
Z0080100043,CONNECTEUR MELANGEUR,07EDGPPC0022,0.13
Z0080100153,CONNECTEUR DE MELANGE LONG,07EDGPPC0023,4.66
Z0080200101L,BOL MELANGEUR L.W/H20 BREAKER ,07EDGCOS0006,2.45
Z0080200102R,BOL MELANGEUR R.W/H20 BREAKER,07EDGCOS0007,2.45
Z0080200103C,BOL MELANGEUR F.W/H20 BREAKER,07EDGCOS0008,2.45
Z0080200110L,BOL DE MELANGE L.W/H20 ,07EDGCOS0009,2.45
Z0080200112C,BOL DE MELANGE F.W/H20 ,07EDGCOS0010,2.45
Z0090002042R,MOTEUR 2.2 RPM 24VDC + FILTER,07EDGPEM0018,23.99
Z0090003047,MOTEUR DE MEULE 230V DC,07EDGPEM0019,19.28
Z0110001130,ELECTROVANNE 2Wx3 24V DC 6W,07EDGPEM0020,17.14
Z0110001140,ELECTROVANNE 2W 24V DC 6W,07EDGPEM0021,18.08
Z0110001145,ELECTROVANNE 3W 5W 24V DC,07EDGPEM0022,22.41
Z0110001151,ELECTROVANNE 3W W/BY-PASS 11BAR,07EDGPEM0023,10.45
Z0110004023,CONNECTEUR,07EDGPPC0024,0.42
Z0110004063,POMPE EP5 230V 50HZ,07EDGPEM0024,12.05
Z0110020007,FILTRE EN PLASTIQUE  DIAM. 20 (Lot de 10),07EDGPPC0025,1.04
Z0230030062,AGITATEUR 112 - LEFT OUTLET (Lot de 10),07EDGPPC0026,2.87
Z0230030064,AGITATEUR 112 - RIGHT OUTLET (Lot de 10),07EDGPPC0027,2.87
Z0230030233R,CARTOUCHE 54-265,07EDGCOS0011,13.09
Z0230030234,CARTOUCHE 110-265 W/PIN,07EDGCOS0012,6.42
Z0230030237AB,ROUE  MM110,07EDGPPC0028,1.53
Z0230030250R,ROUE DE CARTOUCHE,07EDGPPC0029,10.37
Z0230030251R,ROUE DE CARTOUCHE,07EDGPPC0030,11.03
Z0230030254R,SPIRALE DE CARTOUCHE,07EDGPPC0031,9.59
Z0230030260R,SPIRALE DE CARTOUCHE,07EDGPPC0032,14.22
Z0230030262R,SPIRALE DE CARTOUCHE,07EDGPPC0033,8.91
Z0230030503R,AGITATEUR DE CONTENEURS ,07EDGPPC0034,13.7
Z0250008019,FILTRE CAFE,07EDGPPC0035,1.66
Z0250008099,FILTRE CAFE,07EDGPPC0036,2.32
Z0250008211,FILTRE CAFE D 37.3,07EDGPPC0037,3.98
Z0250014032R,CHAMBRE D'INFUSION D.36  ,07EDGPPC0038,37.72
Z0250014033R,GOULOTTE D. 36 ,07EDGPPC0039,4.48
Z0250014034R, BROSSE D.36,07EDGPPC0040,6.18
Z0250014038R, SUPPORT INFERIEUR D.36,07EDGPPC0041,9.51
Z0250014060CL,BROYEUR ET INFUSEUR CAFE D.36,07EDGPEM0025,149.16
Z0320001608R,ARBRE DE ROUE,07EDGPPC0042,7.43
Z0320001636,EJECTEUR,07EDGPPC0043,6.42
Z0320001657,COURROIE DE MEULE,07EDGPPC0044,7.63
Z0320001671CL3C,SYSTÈME ENTRAINEMENT POULIE,07EDGPEM0026,230.99
Z0320001680,LAME CONIQUES,07EDGPPC0045,24.24
Z0320001704,ARBRE DE POMPAGE ET BROYAGE,07EDGPPC0046,0.61
Z0600014111R,COUVERCLE DU RESERVOIR DE LA CHAUDIERE,07EDGCOS0013,40.97
Z0600014113,JOINT ELEMENT CHAUFFANT,07EDGPPC0047,0.8
Z0600014114,JOINT ELEMENT CHAUFFANT,07EDGPPC0048,0.76
Z0600014200CL2,POMPE DE CHAUDIERE 230V,07EDGPEM0027,130.12
Z0600014201CL2,POMPE DE CHAUDIERE 4PUMP 230V,07EDGPEM0028,144.76
Z0600016089,SUPPORT DE SONDE,07EDGPPC0049,0.49
Z0600016138R,ELEMENT CHAUFFANT 1600W 230V,07EDGPEM0029,36.21
Z0600016143R,ELEMENT CHAUFFANT 2600W 230V,07EDGPEM0030,44.46
Z0800013046,FLOTTEUR NIVEAU D'EAU,07EDGPPC0050,1.8
ZN 93118,Poignet avec vis,07WIKCOS0009,11.17
ZN 93119,Système d'extraction,07WIKPEM0014,45.06
ZN 93120,Réservoir à eau complet,07WIKCOS0002,11.57
ZN 93121,Mécanisme On/Off,07WIKPEM0006,6.57
ZN 93122,Pompe 230v-50Hz,07WIKPEM0004,15.12
ZN 93123,Clavier sélection café,07WIKPEM0007,8.89
ZN 93124,Façade enjoliveur,07WIKCOS0004,10.83
ZN 93125,Led pour tasse,07WIKPEM0009,0.99
ZN 93126,Grille sup. pour tasse espresso,07WIKCOS0007,7.94
ZN 93127,Grille sup. pour tasse lungo,07WIKCOS0005,5.51
ZN 93128,Bac égouttoir,07WIKCOS0008,9.15
ZN 93129,Flotteur,07WIKPPC0001,0.4
ZN 93130,bac à capsule,07WIKCOS0003,3.17
ZN 93131,kit compteur volumétrique,07WIKPPC0004,5.58
ZN 93132,Thermobloc,07WIKPEM0005,26.57
ZN 93133,Carte électronique principale,07WIKPEM0008,74.42
ZN 93134,Couplage réservoir à eau,07WIKPPC0002,1.06
ZN 93135,Rear panel Assy,07WIKCOS0006,7.11
ZN 93136,Panneau latéral,07WIKCOS0001,19.03
ZN 93137,Electrovanne,07WIKPPC0003,8.88
ZN 93138,NTC assy w/o screw,07WIKPEM0003,1.72
ZN 93139,Boitier de communicatio ASC,07WIKOUT0001,21.22
ZN 93140,Valve d'écoulement,07WIKPPC0005,3.29
ZN 93149,Joints Rouges 3.5x2,07WIKPPC0050,0.13
ZN 93150,Joints Noirs 3.68x1.78,Non Référencé CORDON,0
ZN 93151,clips,07WIKPPC0018,0.08
ZN 93153,Quick Connector,07WIKPPC0007,0.12
ZN 93154,Water level sensor wire,07WIKPPC0006,0.76
ZN 93156,Tube 235MM pump BU,07WIKPPC0012,0.84
ZN 93158,Tube 215MM Bu Thermoblock,07WIKPPC0013,0.82
ZN 93161,Tube 100MM Y Connector-pressure,07WIKPPC0053,0.72
ZN 93172,Kit adaptateur test pression,Non Référencé CORDON,0
ZN 93217,L-Connector Fluide Line,07WIKPPC0044,0.4
ZN 93218,Thermofuse 230V,07WIKPEM0012,3.43
ZN 93319,T-Connector,07WIKPPC0054,0.54
ZN 93325,TRIAC PCBA 230V,07WIKPEM0013,7.75
ZN 93430,FEP TUBE 85MM (T connector-E valve),07WIKPPC0060,0.68
ZN 96105,Capot noir Zenius,07WIKPPC0061,0
ZN 96553,Joint douchette zenius après 2019,07WIKPPC0071,0.46
ZN102860,Bouchon plateau zenius,07WIKPPC0068,0.27
ZN102861,Joint douchette zenius,07WIKPPC0069,0.44
ZN11300,Câble d'alimentation Zenius,07WIKPPC0045,3.12
ZN93119R,BU Zenius reconditionné,07WIKPEM0014R,0
ZN93121R,Bouton ON/OFF avec cosse,07WIKPEM0006R,6.43
ZN93122R,Pompe Zenius reconditionné,07WIKPEM0004R,0
ZN93138,NTC assy w/o screw,07WIKPEM0003,1.72
ZN93151,FEP TUBE CLIP,07WIKPPC0018,0.08
ZN93320,Screw 3.0x15 w/ washer magnetic,07WIKPPC0055,0.11
ZN93885,Connecteur Electrique,07WIKPEM0015,0.96
ZN95797,Panneau latéral Zenius Plastique,07WIKCOS0013,10.29
ZN96553,Joint douchette zenius après 2019,07WIKPPC0071,0.46
ZN96717,joint de couplage,07WIKPPC0072,0.23
ZN96932,Pompe Zenius V2,07WIKPEM0020,16.56
ZN96943,Thermoblock V2,07WIKPEM0017,28.71
ZN96949,Eléctrovanne 220V V2,07WIKPEM0018,9.62
ZN96952,Pressure valve V2,07WIKPPC0073,3.23
ZN96953,Joint transparent,07WIKPPC0074,0.25
ZN96954,Tube 235mm (Pump-BU) V2,07WIKPPC0075,0.83
ZN96955,Tube 230mm(Pump-Evalve//BU-TB) V2,07WIKPPC0076,0.83
ZN96958,Tube 87mm (Tcon-Evalve) V2,07WIKPPC0077,0.72
ZN96959,Tube 90mm (Tcon-Pres Valve) V2,07WIKPPC0078,0.72
ZN96960,Tube 68mm (Tcon TB) V2,07WIKPPC0079,0.66
ZN96961,Connecteur T V2,07WIKPPC0080,0.57
ZN96962,Connecteur L V2,07WIKPPC0081,0.43
ZN96963,Tube 210mm (Pump -Evalve>2019) V2,07WIKPPC0082,0.77
ZN97069,Unité d'extraction V2,07WIKPEM0019,49.62
0147266,Soupa magn DEV122-1560 V2,07EUGPPC0315,7.98
0150888,M120 - Pompe Lait V3,,262.83
0146888,,,4.74
SP_AC_012,,,53.11
0145350,,,17.64
0145349,Bac à eau M120 V3,,21.3
0150888R,M120 - Pompe Lait V3,,0
0152287,M120 - Raccord T - Pompe à lait - Air V2,,23.47