code_analytique,code_analytique_bu
ATT,
EVSBORFG,SUPPORT
EVSESTMG,SUPPORT
EVSIDFADMIN,COMMERCE
EVSIDFLOGISTI,SUPPORT
EVSIDFMG,SUPPORT
EVSLYOADMIN,COMMERCE
EVSLYOMG,SUPPORT
EVSOOOCOM,SUPPORT
EVSOOODG,SUPPORT
EVSOOODIRIGEA,SUPPORT
EVSOOOFG,SUPPORT
EVSOOOFIN,SUPPORT
EVSOOOLOGISTI,SUPPORT
EVSOOORH,SUPPORT
EVSOOOSG,SUPPORT
EVSOOOSI,SUPPORT
HORESTPOTHIER,COMMERCE
HORESTTHIEBAU,COMMERCE
HORESTTOURTEA,COMMERCE
HORIDFALVES,COMMERCE
HORIDFBABIN,COMMERCE
HORIDFEYER,COMMERCE
HORIDFGARCIA,COMMERCE
HORIDFGIMENEZ,COMMERCE
HORIDFMEYER,COMMERCE
HORLYOANASTAS,COMMERCE
HORLYOBEZACIE,COMMERCE
HORLYOCIELI,COMMERCE
HORLYODASILVA,COMMERCE
HORLYOEZZRIOU,COMMERCE
HORLYOJARRY,COMMERCE
HORLYOJOUBERT,COMMERCE
HORLYOKIRCA,COMMERCE
HORLYOLEMAIRE,COMMERCE
NES,
NESMARKET,NESHU
NESOOOADV,NESHU
NESOOOCOM,NESHU
NESOOOCSM,NESHU
NESOOOFG,NESHU
NESOOOOOO,NESHU
NESOOOSAV,NESHU
NESOOOTECH,NESHU
NUNMARKET,NUNSHEN
NUNOOOADMIN,NUNSHEN
NUNOOOCOM,NUNSHEN
NUNOOOEXPERT,NUNSHEN
NUNOOOFG,NUNSHEN
NUNOOOOOO,NUNSHEN
NUNOOOSITE,NUNSHEN
OFFESTBOUZHAZ,COMMERCE
OFFIDFAMMAD,COMMERCE
OFFIDFBARROSO,COMMERCE
OFFIDFBENABI,COMMERCE
OFFIDFDIMATTE,COMMERCE
OFFIDFFUCHET,COMMERCE
OFFIDFGONCALV,COMMERCE
OFFIDFJOUAULT,COMMERCE
OFFIDFKABEYA,COMMERCE
OFFIDFLAMBLIN,COMMERCE
OFFIDFLWANGA,COMMERCE
OFFIDFMADRID,COMMERCE
OFFIDFMAGOURE,COMMERCE
OFFIDFMAHE,COMMERCE
OFFIDFMOUNCHI,COMMERCE
OFFIDFVAUX,COMMERCE
OFFLYOAZOUG,COMMERCE
OFFLYOBATTEAU,COMMERCE
OFFLYOBLAIN,COMMERCE
OFFLYOCHAMBET,COMMERCE
OFFLYOCOTTAZ,COMMERCE
OFFLYODEFAUD,COMMERCE
OFFLYOELBIYYA,COMMERCE
OFFLYOMALLEIN,COMMERCE
OFFLYOMORET,COMMERCE
OFFLYORENAULT,COMMERCE
OFFLYOVIGNE,COMMERCE
OFFLYOVILLOT,COMMERCE
SAVESTTECH,TECHNIQUE
SAVIDFRESP,TECHNIQUE
SAVIDFTECH,TECHNIQUE
SAVLYORESP,TECHNIQUE
SAVLYOTECH,TECHNIQUE
SAVOOOFG,TECHNIQUE
SAVPARTECH,TECHNIQUE
PDETSTK,PIECES DET
COMOOOFG,COMMERCE
PDETCA,PIECES DET
EVSOOODSC,NESHU
HORESTSVIRGOS,COMMERCE
HORIDFBEL,COMMERCE
HORIDFKOYONGO,COMMERCE
HORIDFMAHIEU,COMMERCE
HORLYOFRESKO,COMMERCE
HORLYOLAVOINN,COMMERCE
HORLYOMARZOCC,COMMERCE
NESOOOADMIN,NESHU
OFFESTKORKUT,COMMERCE
NUNOOOAMB,NUNSHEN
OFFESTRASOLO,COMMERCE
OFFESTULRICH,COMMERCE
OFFIDFFILLIOU,COMMERCE
NESOOOPETROSS,NESHU
OFFIDFABODOGO,COMMERCE
OFFIDFPAUL,COMMERCE
EVSOOOMAG,SUPPORT
NUNOOOPRODUIT,NUNSHEN
EVSESTADMIN,COMMERCE
OFFLYOCALLIES,COMMERCE
OFFLYOMERZOUG,NESHU
SAVOOOADMIN,TECHNIQUE
OFFIDFRIVET,NUNSHEN
HORIDFLEBLOND,COMMERCE
HORIDFGARZA,COMMERCE
NUNOOOMASSOT,NUNSHEN
OFFIDFMOUNCHIT,COMMERCE
