Machine_Brut,MACHINE
zenius,ZENIUS
zenuis,ZENIUS
gemini,GEMINI
gemini 203,GEMINI
gemini cs200,GEMINI
gemini203,GEMINI
dispenser,DISP GEMINI
table top,DISP GEMINI
tower,TOWER GEMINI
momento100,M100
momento 100,M100
momento200,M200
momento 200,M200
module momento 200,M200
momento module 200,M200
momento mini disp r+4 b,DISP MINI
momento disp mini to,DISP MINI
momento disp s by s,DISP SBS
momento mini disp,DISP MINI
minidisp momento,DISP MINI
mini disp momento 200,DISP MINI
momento 200 mini disp,DISP MINI
momento mini tow,DISP MINI
minitow momento,MINITOW
mini disp zenius,DISP MINI
minidisp,DISP MINI
aguila220,AGUILA2
aguila 220,AGUILA2
aguila 420,AGUILA4
aguila 440,AGUILA4
milano,MILANO
milano 1,MILANO
milano 2,MILANO
milano grain,MILANO
milano2,MILANO
modulo the,MODULOTHE
ytmt,SNACKING
ytmt 10,SNACKING
ytmt fas,SNACKING
ytmt10,SNACKING
europa,SNACKING
luce,SNACKING
auum,LAVE VERRES
aumm,LAVE VERRES
auum-s,LAVE VERRES
aumm-s,LAVE VERRES
blupura,FONTAINE A EAU
blusoda,FONTAINE A EAU
blusoda gaz,FONTAINE A EAU
twyd,FONTAINE TWYD
fontaine twyd,FONTAINE TWYD
frigo nu,FRIGO NU
mokaco blupura,FONTAINE A EAU
fontaine mokaco,FONTAINE A EAU
mini pure,FONTAINE A EAU
lave vaisselle bob,LAVE VAISSELLE
lave-vaisselle,LAVE VAISSELLE
daan_generique,LAVE VAISSELLE
tower gemini,TOWER GEMINI
minitower momento,MINITOW
milano grain fts60e + modulo,MILANO
minitower gemini,DISP MINI
milano lyo fts120 + modulo,MILANO
gemini 200,GEMINI
twyd_generique,FONTAINE TWYD
milano grain fts60e,MILANO
sbs momento 100,M100
fas 750 excellence,SNACKING
mgz_0326 _ rdc_leonarddevinci _ mgz_0326,LAVE VERRES
mgz_0673 _ rdc_cafeteria1 _ mgz_0673,LAVE VERRES
mgz_0858 _ rdc_accueil _ mgz_0858,LAVE VERRES
mgz_0680 _ 4_cafeteria1 _ mgz_0680,LAVE VERRES
mgz_0677 _ 2_cafeteria1 _ mgz_0677,LAVE VERRES
mgz_0590 _ 3_openspace _ mgz_0590,LAVE VERRES
mgz_0575 _ inconnue_inconnue _ mgz_0575,LAVE VERRES
mgz_0791 _ 6_cafeteria1 _ mgz_0791,LAVE VERRES
mgz_0707 _ rdc_cuisine1 _ mgz_0707,LAVE VERRES
mgz_0639 _ 1_cafeteriadroite _ mgz_0639,LAVE VERRES
mgz_0652 _ 8_cafeteria1 _ mgz_0652,LAVE VERRES
mgz_0804 _ rdc_cafeteria1 _ mgz_0804,LAVE VERRES
auum-v2max,LAVE VERRES
auum-v3,LAVE VERRES
mgz,LAVE VERRES
milano lyo fts120,MILANO
bluglass 80 ef-et-eg,FONTAINE A EAU
frimav02,FRIGO NU
mgz_0892,LAVE VERRES
mgz_0786,LAVE VERRES
dispenser gemini,DISP GEMINI
f02,FONTAINE TWYD
mgz_0699,LAVE VERRES
mgz_0340,LAVE VERRES
tower momento,MINITOW
mgz_0146 _ 2_inconnue _ mgz_0146,LAVE VERRES
bluglass 30 ef-eg-et _ nd _ nd,FONTAINE A EAU
frimav02 _ non disponible _ fs_45_080_722,FRIGO NU
frimav01 _ non disponible _ fs_37_940_902,FRIGO NU
bluglass 80 ef-et-eg _ nd _ nd,FONTAINE A EAU
mgz_0726 _ 1_cuisine _ mgz_0726,LAVE VERRES
mgz_0368 _ 1_cafeteria _ mgz_0368,LAVE VERRES
mgz_0534 _ 3_workcafe _ mgz_0534,LAVE VERRES
mgz_0606 _ rdc_cafeteria1 _ mgz_0606,LAVE VERRES
mgz_0733 _ rdc_cafeteria1 _ mgz_0733,LAVE VERRES
mgz_0971 _ rdc_cafeteria1 _ mgz_0971,LAVE VERRES
jura x6_nd_nd,FONTAINE A EAU
b4 table top ef-ec-eg _ nd _ nd,FONTAINE A EAU
fontainco,FONTAINE A EAU
auum_generique,LAVE VERRES
sbs momento 200,DISP SBS
neshu_generique,MILANO
tower blusoda gaz,FONTAINE A EAU
mgz_0465,LAVE VERRES
mgz_0587,LAVE VERRES
f05,FONTAINE TWYD
mgz_0284,LAVE VERRES
mgz_0837,LAVE VERRES
mgz_0701,LAVE VERRES
f03,FONTAINE TWYD
animo optime (1gg04331),MILANO
aumm ,LAVE VERRES
twyd (f220602039),FONTAINE TWYD
twyd (f220602040),FONTAINE TWYD
twid (f230105390),FONTAINE TWYD
twyd (f230105393),FONTAINE TWYD
twyd (f230105405),FONTAINE TWYD
twyd (f230105401),FONTAINE TWYD
twyd (f231005480),FONTAINE TWYD
twyd (f231005469),FONTAINE TWYD
fontaine twyd (f231005467),FONTAINE TWYD
fontaine à eau twyd,FONTAINE TWYD
twyd (f231005490),FONTAINE TWYD
twyd (f231005492),FONTAINE TWYD
twyd (f230105441),FONTAINE TWYD
fontaine à eau,FONTAINE A EAU
fontaine twyd (f231005482),FONTAINE TWYD
twid,FONTAINE TWYD
twyd (f230105443),FONTAINE TWYD
twyd (f230105444),FONTAINE TWYD
fontaine twyd (f231005495),FONTAINE TWYD
fontaine twyd (f231005502),FONTAINE TWYD
twyd (f231005481),FONTAINE TWYD
twyd (f231005495),FONTAINE TWYD
twyd (f231005501),FONTAINE TWYD
twyd (f231005493),FONTAINE TWYD
twyd (f231005505),FONTAINE TWYD
fontaine twyd (f231005500),FONTAINE TWYD
fridge nu,FRIGO NU
jura,FONTAINE A EAU
2- filtre=y - evac=n,FONTAINE TWYD
borg,FONTAINE A EAU
aguila 220 _ 380v,AGUILA2
1- filtre=y - evac=y,FONTAINE TWYD
3- filtre=n - evac=y,FONTAINE TWYD
mistral,FONTAINE A EAU
momento cabinet,M100
optibean x 12,MILANO
brita,FONTAINE A EAU
brita_generique,FONTAINE A EAU
fas 900 excellence,SNACKING
fontainco_generique,FONTAINE A EAU
nu_generique,FRIGO NU
twyd generique,FONTAINE TWYD
optibeanx12 + modulo,MILANO
sm 200-f-1-ct-tgb cu ce,FONTAINE A EAU
viv e 85 c-33-c2hm-tg-k cu ce,FONTAINE A EAU
viv t 50 c2-tg-i-cu ce,FONTAINE A EAU
viv t 85 c2-tg-i-cu ce,FONTAINE A EAU
viv t 50 c1-tg-l-cu ce,FONTAINE A EAU
viv f 200 ct-c2-tg-j cu ce,FONTAINE A EAU
viv e 85 i-33-c2-tg-i-cu ce,FONTAINE A EAU
viv e 85 c-33-c2-tg-k cu ce,FONTAINE A EAU
vitap 305-2h-ts-0 cu ce,FONTAINE A EAU
viv t 15 c2-tg-k cu ce,FONTAINE A EAU
sm 50-f-3-fs-tgb cu ce,FONTAINE A EAU
sm 50-f-3-ct-tgb cu ce,FONTAINE A EAU
viv e 50 i-33-c2-tg-i-cu ce &nbsp,FONTAINE A EAU
viv e 85 c-33-c1hm-tg-k cu ce,FONTAINE A EAU
sm 200-f-1-fs-tgb cu ce,FONTAINE A EAU
sm 50-f-1-ct-tgb cu ce,FONTAINE A EAU
dispenser momento twr,DISP MINI
dispenser momento sbs,DISP MINI
tower blusoda,FONTAINE A EAU
fas 1050 excellence,SNACKING
vitap 302-2-ts-0 cu ce,FONTAINE A EAU
bottler 103-2-ts-0 cu ce,FONTAINE A EAU
vitap 305-g-2h-ts-0 cu ce,FONTAINE A EAU
vitap 302-g-2-ts-0 cu ce,FONTAINE A EAU
bottler 105-2-ts-0 cu ce,FONTAINE A EAU
viv t 15 c2-tg-h cu ce,FONTAINE A EAU
sm 50-3-ts30-tgb cu ce,FONTAINE A EAU
bottler 101-2-fs-0 cu ce,FONTAINE A EAU
sm 50-1-ct-0 cu ce,FONTAINE A EAU
bottler 104-2-ct-0 cu ce,FONTAINE A EAU
vitap 304-g-1h-ts-0 cu ce,FONTAINE A EAU
sm 50-3-ct-0 cu ce,FONTAINE A EAU
vitap 301-g-1-ts-0 cu ce,FONTAINE A EAU
sm 50-f-1-fs-tgb cu ce,FONTAINE A EAU
vitap 301-1-ts-0 cu ce,FONTAINE A EAU
viv e 50 i-33-c2-tg-i-cu ce,FONTAINE A EAU
viv t 50 c2-hp-i-cu ce,FONTAINE A EAU
viv e 50 i-26-c2-tg-i-cu ce,FONTAINE A EAU
viv f 200 ts idt-c2-tg-j cu ce,FONTAINE A EAU
viv fill base cabinet cu,FONTAINE A EAU
viv e 85 c-26-c2hm-tg-k cu ce,FONTAINE A EAU
viv e 85 c-26-c1-tg-k cu ce,FONTAINE A EAU
viv e 85 i-26-c2-tg-i-cu ce,FONTAINE A EAU
viv f 200 ts wodt-c2-tg-j cu ce,FONTAINE A EAU
sm 200-3-ts30-tgb cu ce,FONTAINE A EAU
viv f 200 ts ocdt-c2-tg-j cu ce,FONTAINE A EAU
viv e 85 c-26-c2-tg-k cu ce,FONTAINE A EAU
viv e 85 c-33-c1-tg-k cu ce,FONTAINE A EAU
sm 200-2-ts30-hs cu ce,FONTAINE A EAU
sm 200-f-3-fs-tgb cu ce,FONTAINE A EAU
sm 200-f-3-ct-tgb cu ce,FONTAINE A EAU
sm 200-f-2-ct-hs cu ce,FONTAINE A EAU
sm 50-3-fs-0 cu ce,FONTAINE A EAU
viv e 85 c-26-c1hm-tg-k cu ce,FONTAINE A EAU
viv t 50 c2-tg-n-cu ce,FONTAINE A EAU
optibeanx12ts + modulo,MILANO
optibean x 12 ts,MILANO
optibean x 22,MILANO
base cabinet momento cup,M100
blusoda gaz hot,FONTAINE A EAU
bluseven robinet,FONTAINE A EAU
bluseven box hot gaz 60 fizz,FONTAINE A EAU
viv e 50 i-33-c2-tg-n-cu ce,FONTAINE A EAU
sm 50-f-1-fs-tgb cu ce,FONTAINE A EAU
viv t 50 c2-tg-i-cu ce,FONTAINE A EAU
vitap 305-g-2h-ts-0 cu ce,FONTAINE A EAU
viv f 200 ct-c2-tg-j cu ce,FONTAINE A EAU
viv f 200 ts idt-c2-tg-j cu ce,FONTAINE A EAU
viv e 85 i-33-c2-tg-n-cu ce,FONTAINE A EAU
tower one gaz,FONTAINE A EAU
viv e 85 c-33-c2-tg-n-cu ce,FONTAINE A EAU
viv e 85 i-33-c2-hp-o-cu za,FONTAINE A EAU
viv t 85 c1-tg-n-cu ce,FONTAINE A EAU
rebel gaz,FONTAINE A EAU
viv e 85 c-33-c1-tg-n-cu ce,FONTAINE A EAU
bluseven gaz hot,FONTAINE A EAU
viv t 50 c1-tg-n-cu ce,FONTAINE A EAU